DB;Select Java in memory;100;0;20,856131;
DB;Select Java in memory;1000;0;27,887235;
DB;Select Java in memory;2000;0;26,845627;
DB;Select Java in memory;3000;0;27,209973;
DB;Select Java in memory;4000;0;35,038176;
DB;Select Java in memory;5000;0;51,660020;
DB;Select Java in memory;6000;0;48,221672;
DB;Select Java in memory;7000;0;72,970295;
DB;Select Java in memory;8000;0;70,513674;
DB;Select Java in memory;9000;0;79,349606;
DB;Select Java in memory;10000;0;79,312580;
DB;Select Java in memory;11000;0;102,375618;
DB;Select Java in memory;12000;0;126,823736;
DB;Select Java in memory;13000;0;126,003732;
DB;Select Java in memory;14000;0;111,177196;
DB;Select Java in memory;15000;0;147,382826;
DB;Select Java in memory;16000;0;110,560375;
DB;Select Java in memory;17000;0;132,989063;
DB;Select Java in memory;18000;0;153,571293;
DB;Select Java in memory;19000;0;153,066869;
DB;Select Java in memory;20000;0;199,743857;
DB;Select Java in memory;21000;0;204,716287;
DB;Select Java in memory;22000;0;206,889612;
DB;Select Java in memory;23000;0;240,738611;
DB;Select Java in memory;24000;0;236,235136;
DB;Select Java in memory;25000;0;238,562876;
DB;Select Java in memory;26000;0;242,697601;
DB;Select Java in memory;27000;0;254,456636;
DB;Select Java in memory;28000;0;286,139756;
DB;Select Java in memory;29000;0;290,167775;
DB;Select Java in memory;30000;0;275,629922;
DB;Select Java in memory;31000;0;296,263841;
DB;Select Java in memory;32000;0;343,684382;
DB;Select Java in memory;33000;0;336,355266;
DB;Select Java in memory;34000;0;330,375705;
DB;Select Java in memory;35000;0;337,768942;
DB;Select Java in memory;36000;0;367,513284;
DB;Select Java in memory;37000;0;397,995548;
DB;Select Java in memory;38000;0;391,884200;
DB;Select Java in memory;39000;0;394,140867;
DB;Select Java in memory;40000;0;428,729549;
DB;Select Java in memory;41000;0;415,304364;
DB;Select Java in memory;42000;0;455,482708;
DB;Select Java in memory;43000;0;451,506643;
DB;Select Java in memory;44000;0;469,409874;
DB;Select Java in memory;45000;0;491,445437;
DB;Select Java in memory;46000;0;491,868380;
DB;Select Java in memory;47000;0;512,006864;
DB;Select Java in memory;48000;0;526,653752;
DB;Select Java in memory;49000;0;545,634315;
DB;Select Java in memory;50000;0;545,906000;
DB;Select Java in memory;51000;0;596,387989;
DB;Select Java in memory;52000;0;606,027954;
DB;Select Java in memory;53000;0;614,996827;
DB;Select Java in memory;54000;0;641,778975;
DB;Select Java in memory;55000;0;644,947119;
DB;Select Java in memory;56000;0;669,985760;
DB;Select Java in memory;57000;0;685,352754;
DB;Select Java in memory;58000;0;690,240526;
DB;Select Java in memory;59000;0;714,528105;
DB;Select Java in memory;60000;0;717,081263;
DB;Select Java in memory;61000;0;744,035723;
DB;Select Java in memory;62000;0;782,377849;
DB;Select Java in memory;63000;0;768,374040;
DB;Select Java in memory;64000;0;808,927563;
DB;Select Java in memory;65000;0;790,978620;
DB;Select Java in memory;66000;0;858,496614;
DB;Select Java in memory;67000;0;853,604164;
DB;Select Java in memory;68000;0;854,020540;
DB;Select Java in memory;69000;0;894,127554;
DB;Select Java in memory;70000;0;907,366390;
DB;Select Java in memory;71000;0;934,423533;
DB;Select Java in memory;72000;0;943,894238;
DB;Select Java in memory;73000;0;952,169846;
DB;Select Java in memory;74000;0;980,709241;
DB;Select Java in memory;75000;0;987,089206;
DB;Select Java in memory;76000;0;1288,727862;
DB;Select Java in memory;77000;0;1124,234733;
DB;Select Java in memory;78000;0;727,738199;
DB;Select Java in memory;79000;0;932,973530;
DB;Select Java in memory;80000;0;1156,805769;
DB;Select Java in memory;81000;0;1407,557295;
DB;Select Java in memory;82000;0;774,554987;
DB;Select Java in memory;83000;0;1356,279610;
DB;Select Java in memory;84000;0;1215,811873;
DB;Select Java in memory;85000;0;946,144600;
DB;Select Java in memory;86000;0;1321,039384;
DB;Select Java in memory;87000;0;1365,713186;
DB;Select Java in memory;88000;0;1451,835689;
DB;Select Java in memory;89000;0;1417,768530;
DB;Select Java in memory;90000;0;1792,957129;
DB;Select Java in memory;91000;0;1992,902177;
DB;Select Java in memory;92000;0;1843,112415;
DB;Select Java in memory;93000;0;1729,270109;
DB;Select Java in memory;94000;0;1545,196734;
DB;Select Java in memory;95000;0;1184,481012;
DB;Select Java in memory;96000;0;2149,397261;
DB;Select Java in memory;97000;0;1985,623917;
DB;Select Java in memory;98000;0;1712,505595;
DB;Select Java in memory;99000;0;2010,296168;
DB;Select Java in memory;100000;0;2071,765235;
DB;Select Java in memory;101000;0;2189,257541;
DB;Select Java in memory;102000;0;1970,977110;
DB;Select Java in memory;103000;0;1960,058115;
DB;Select Java in memory;104000;0;1929,538744;
DB;Select Java in memory;105000;0;2429,704009;
DB;Select Java in memory;106000;0;1970,945418;
DB;Select Java in memory;107000;0;2134,518124;
DB;Select Java in memory;108000;0;2268,118842;
DB;Select Java in memory;109000;0;2220,218018;
DB;Select Java in memory;110000;0;2278,750816;
DB;Select Java in memory;111000;0;2398,297394;
DB;Select Java in memory;112000;0;2570,188833;
DB;Select Java in memory;113000;0;2297,946109;
DB;Select Java in memory;114000;0;1956,315168;
DB;Select Java in memory;115000;0;2476,785033;
DB;Select Java in memory;116000;0;2026,181983;
DB;Select Java in memory;117000;0;2382,309127;
DB;Select Java in memory;118000;0;2504,472220;
DB;Select Java in memory;119000;0;2579,681993;
DB;Select Java in memory;120000;0;2812,536090;
DB;Select Java in memory;121000;0;2518,208079;
DB;Select Java in memory;122000;0;2475,685837;
DB;Select Java in memory;123000;0;3089,260744;
DB;Select Java in memory;124000;0;2734,838280;
DB;Select Java in memory;125000;0;3033,354396;
DB;Select Java in memory;126000;0;2761,293471;
DB;Select Java in memory;127000;0;2954,626746;
DB;Select Java in memory;128000;0;2588,690464;
DB;Select Java in memory;129000;0;2818,757307;
DB;Select Java in memory;130000;0;3737,839755;
DB;Select Java in memory;131000;0;2885,551034;
DB;Select Java in memory;132000;0;2731,310670;
DB;Select Java in memory;133000;0;3101,069422;
DB;Select Java in memory;134000;0;2935,098337;
DB;Select Java in memory;135000;0;3267,203233;
DB;Select Java in memory;136000;0;3334,440508;
DB;Select Java in memory;137000;0;3101,849254;
DB;Select Java in memory;138000;0;3626,030312;
DB;Select Java in memory;139000;0;3521,829898;
DB;Select Java in memory;140000;0;3740,092774;
DB;Select Java in memory;141000;0;3547,352355;
DB;Select Java in memory;142000;0;3142,103929;
DB;Select Java in memory;143000;0;4054,018864;
DB;Select Java in memory;144000;0;3865,445636;
DB;Select Java in memory;145000;0;3944,336893;
DB;Select Java in memory;146000;0;3929,179106;
DB;Select Java in memory;147000;0;3784,206445;
DB;Select Java in memory;148000;0;3962,043614;
DB;Select Java in memory;149000;0;3673,777611;
DB;Select Java in memory;150000;0;4127,028527;
DB;Select Java in memory;151000;0;4193,736104;
DB;Select Java in memory;152000;0;3884,801917;
DB;Select Java in memory;153000;0;4512,732197;
DB;Select Java in memory;154000;0;4359,424392;
DB;Select Java in memory;155000;0;4043,380403;
DB;Select Java in memory;156000;0;4316,635589;
DB;Select Java in memory;157000;0;4334,830530;
DB;Select Java in memory;158000;0;4658,710444;
DB;Select Java in memory;159000;0;4577,911420;
DB;Select Java in memory;160000;0;4875,888454;
DB;Select Java in memory;161000;0;4680,558917;
DB;Select Java in memory;162000;0;4229,230589;
DB;Select Java in memory;163000;0;4794,673102;
DB;Select Java in memory;164000;0;4826,047264;
DB;Select Java in memory;165000;0;4842,975532;
DB;Select Java in memory;166000;0;5232,471013;
DB;Select Java in memory;167000;0;4992,151998;
DB;Select Java in memory;168000;0;4495,169990;
DB;Select Java in memory;169000;0;4706,567003;
DB;Select Java in memory;170000;0;5453,347326;
DB;Select Java in memory;171000;0;5113,977582;
DB;Select Java in memory;172000;0;5039,314443;
DB;Select Java in memory;173000;0;5220,391183;
DB;Select Java in memory;174000;0;5397,346036;
DB;Select Java in memory;175000;0;5222,065021;
DB;Select Java in memory;176000;0;5130,538917;
DB;Select Java in memory;177000;0;5559,220552;
DB;Select Java in memory;178000;0;5688,239343;
DB;Select Java in memory;179000;0;5733,186556;
DB;Select Java in memory;180000;0;5924,901222;
DB;Select Java in memory;181000;0;5252,684668;
DB;Select Java in memory;182000;0;6121,799609;
DB;Select Java in memory;183000;0;5526,400440;
DB;Select Java in memory;184000;0;6094,459653;
DB;Select Java in memory;185000;0;6077,841219;
DB;Select Java in memory;186000;0;6138,942122;
DB;Select Java in memory;187000;0;5964,764444;
DB;Select Java in memory;188000;0;6085,557874;
DB;Select Java in memory;189000;0;6618,034232;
DB;Select Java in memory;190000;0;6245,153389;
DB;Select Java in memory;191000;0;6163,908204;
DB;Select Java in memory;192000;0;6462,825237;
DB;Select Java in memory;193000;0;6284,607571;
DB;Select Java in memory;194000;0;6591,062845;
DB;Select Java in memory;195000;0;6067,461195;
DB;Select Java in memory;196000;0;6253,177112;
DB;Select Java in memory;197000;0;6499,761852;
DB;Select Java in memory;198000;0;6262,728705;
DB;Select Java in memory;199000;0;7156,766879;
DB;Select Java in memory;200000;0;6494,385618;
DB;Select Java in memory;201000;0;6674,840940;
DB;Select Java in memory;202000;0;7066,780081;
DB;Select Java in memory;203000;0;6773,169525;
DB;Select Java in memory;204000;0;6923,080270;
DB;Select Java in memory;205000;0;7285,759920;
DB;Select Java in memory;206000;0;7142,989657;
DB;Select Java in memory;207000;0;7344,298122;
DB;Select Java in memory;208000;0;6921,033510;
DB;Select Java in memory;209000;0;7034,148510;
DB;Select Java in memory;210000;0;7824,843779;
DB;Select Java in memory;211000;0;7630,925234;
DB;Select Java in memory;212000;0;7407,731766;
DB;Select Java in memory;213000;0;7342,207326;
DB;Select Java in memory;214000;0;7488,686515;
DB;Select Java in memory;215000;0;7694,966028;
DB;Select Java in memory;216000;0;8001,518863;
DB;Select Java in memory;217000;0;7857,851614;
DB;Select Java in memory;218000;0;7941,146976;
DB;Select Java in memory;219000;0;8189,764126;
DB;Select Java in memory;220000;0;7729,310169;
DB;Select Java in memory;221000;0;7637,568166;
DB;Select Java in memory;222000;0;8031,711994;
DB;Select Java in memory;223000;0;8467,520547;
DB;Select Java in memory;224000;0;7865,449185;
DB;Select Java in memory;225000;0;8221,843289;
DB;Select Java in memory;226000;0;8384,153769;
DB;Select Java in memory;227000;0;8471,864768;
DB;Select Java in memory;228000;0;8383,136809;
DB;Select Java in memory;229000;0;8667,163773;
DB;Select Java in memory;230000;0;9030,816045;
DB;Select Java in memory;231000;0;8501,283335;
DB;Select Java in memory;232000;0;8664,145484;
DB;Select Java in memory;233000;0;8621,444867;
DB;Select Java in memory;234000;0;9176,042726;
DB;Select Java in memory;235000;0;8972,548490;
DB;Select Java in memory;236000;0;9154,818872;
DB;Select Java in memory;237000;0;9033,744420;
DB;Select Java in memory;238000;0;9325,320321;
DB;Select Java in memory;239000;0;9001,289870;
DB;Select Java in memory;240000;0;9000,358033;
DB;Select Java in memory;241000;0;9315,406297;
DB;Select Java in memory;242000;0;9392,706883;
DB;Select Java in memory;243000;0;9713,993862;
DB;Select Java in memory;244000;0;9356,820777;
DB;Select Java in memory;245000;0;9942,345584;
DB;Select Java in memory;246000;0;9647,117537;
DB;Select Java in memory;247000;0;9516,575955;
DB;Select Java in memory;248000;0;9842,550929;
DB;Select Java in memory;249000;0;9852,763382;
DB;Select Java in memory;250000;0;10239,181719;

DB;Select Java in memory;100;1;112,906418;
DB;Select Java in memory;1000;1;92,211870;
DB;Select Java in memory;2000;1;91,787576;
DB;Select Java in memory;3000;1;115,731096;
DB;Select Java in memory;4000;1;85,505601;
DB;Select Java in memory;5000;1;113,680462;
DB;Select Java in memory;6000;1;102,608410;
DB;Select Java in memory;7000;1;107,527154;
DB;Select Java in memory;8000;1;116,787346;
DB;Select Java in memory;9000;1;118,739725;
DB;Select Java in memory;10000;1;111,290421;
DB;Select Java in memory;11000;1;121,011565;
DB;Select Java in memory;12000;1;123,507759;
DB;Select Java in memory;13000;1;108,933115;
DB;Select Java in memory;14000;1;118,591911;
DB;Select Java in memory;15000;1;114,588838;
DB;Select Java in memory;16000;1;122,421994;
DB;Select Java in memory;17000;1;133,129220;
DB;Select Java in memory;18000;1;126,976280;
DB;Select Java in memory;19000;1;120,851523;
DB;Select Java in memory;20000;1;129,124955;
DB;Select Java in memory;21000;1;121,415669;
DB;Select Java in memory;22000;1;138,267681;
DB;Select Java in memory;23000;1;141,531956;
DB;Select Java in memory;24000;1;123,867562;
DB;Select Java in memory;25000;1;134,764689;
DB;Select Java in memory;26000;1;141,783875;
DB;Select Java in memory;27000;1;131,981307;
DB;Select Java in memory;28000;1;166,540659;
DB;Select Java in memory;29000;1;147,644217;
DB;Select Java in memory;30000;1;126,082375;
DB;Select Java in memory;31000;1;160,379461;
DB;Select Java in memory;32000;1;156,654546;
DB;Select Java in memory;33000;1;149,309017;
DB;Select Java in memory;34000;1;171,443502;
DB;Select Java in memory;35000;1;144,935828;
DB;Select Java in memory;36000;1;155,920063;
DB;Select Java in memory;37000;1;167,750134;
DB;Select Java in memory;38000;1;155,967620;
DB;Select Java in memory;39000;1;161,872632;
DB;Select Java in memory;40000;1;175,408357;
DB;Select Java in memory;41000;1;149,915418;
DB;Select Java in memory;42000;1;174,641565;
DB;Select Java in memory;43000;1;162,467378;
DB;Select Java in memory;44000;1;168,157134;
DB;Select Java in memory;45000;1;173,664445;
DB;Select Java in memory;46000;1;176,228486;
DB;Select Java in memory;47000;1;179,535657;
DB;Select Java in memory;48000;1;161,349957;
DB;Select Java in memory;49000;1;154,941670;
DB;Select Java in memory;50000;1;182,481175;
DB;Select Java in memory;51000;1;170,074794;
DB;Select Java in memory;52000;1;164,186989;
DB;Select Java in memory;53000;1;171,046679;
DB;Select Java in memory;54000;1;175,895864;
DB;Select Java in memory;55000;1;174,531045;
DB;Select Java in memory;56000;1;197,966180;
DB;Select Java in memory;57000;1;183,027424;
DB;Select Java in memory;58000;1;171,835729;
DB;Select Java in memory;59000;1;184,346749;
DB;Select Java in memory;60000;1;188,007531;
DB;Select Java in memory;61000;1;184,338131;
DB;Select Java in memory;62000;1;182,973015;
DB;Select Java in memory;63000;1;166,300348;
DB;Select Java in memory;64000;1;179,336636;
DB;Select Java in memory;65000;1;190,910219;
DB;Select Java in memory;66000;1;173,419394;
DB;Select Java in memory;67000;1;178,178893;
DB;Select Java in memory;68000;1;188,944352;
DB;Select Java in memory;69000;1;208,042051;
DB;Select Java in memory;70000;1;170,701249;
DB;Select Java in memory;71000;1;185,902390;
DB;Select Java in memory;72000;1;173,596824;
DB;Select Java in memory;73000;1;191,468257;
DB;Select Java in memory;74000;1;187,296970;
DB;Select Java in memory;75000;1;192,476566;
DB;Select Java in memory;76000;1;199,832608;
DB;Select Java in memory;77000;1;184,085819;
DB;Select Java in memory;78000;1;186,128960;
DB;Select Java in memory;79000;1;195,645180;
DB;Select Java in memory;80000;1;192,278345;
DB;Select Java in memory;81000;1;188,829821;
DB;Select Java in memory;82000;1;196,190912;
DB;Select Java in memory;83000;1;199,868259;
DB;Select Java in memory;84000;1;194,122468;
DB;Select Java in memory;85000;1;184,002438;
DB;Select Java in memory;86000;1;207,348698;
DB;Select Java in memory;87000;1;187,253771;
DB;Select Java in memory;88000;1;197,870406;
DB;Select Java in memory;89000;1;182,337782;
DB;Select Java in memory;90000;1;180,965781;
DB;Select Java in memory;91000;1;193,703097;
DB;Select Java in memory;92000;1;192,299838;
DB;Select Java in memory;93000;1;188,670467;
DB;Select Java in memory;94000;1;186,781860;
DB;Select Java in memory;95000;1;206,990849;
DB;Select Java in memory;96000;1;172,911366;
DB;Select Java in memory;97000;1;208,807117;
DB;Select Java in memory;98000;1;202,463041;
DB;Select Java in memory;99000;1;208,289391;
DB;Select Java in memory;100000;1;196,292978;
DB;Select Java in memory;101000;1;9756,826909;
DB;Select Java in memory;102000;1;10243,452888;
DB;Select Java in memory;103000;1;10027,319389;
DB;Select Java in memory;104000;1;10330,983953;
DB;Select Java in memory;105000;1;10131,514606;
DB;Select Java in memory;106000;1;10485,305507;
DB;Select Java in memory;107000;1;11066,414185;
DB;Select Java in memory;108000;1;11163,774551;
DB;Select Java in memory;109000;1;11175,609421;
DB;Select Java in memory;110000;1;11440,873127;
DB;Select Java in memory;111000;1;11318,542686;
DB;Select Java in memory;112000;1;11864,476990;
DB;Select Java in memory;113000;1;12221,458012;
DB;Select Java in memory;114000;1;11947,808691;
DB;Select Java in memory;115000;1;12431,113040;
DB;Select Java in memory;116000;1;12480,958845;
DB;Select Java in memory;117000;1;12665,427234;
DB;Select Java in memory;118000;1;12745,226146;
DB;Select Java in memory;119000;1;13459,682118;
DB;Select Java in memory;120000;1;13606,320255;
DB;Select Java in memory;121000;1;13485,251432;
DB;Select Java in memory;122000;1;14186,133754;
DB;Select Java in memory;123000;1;14090,173419;
DB;Select Java in memory;124000;1;14573,360864;
DB;Select Java in memory;125000;1;14506,959923;
DB;Select Java in memory;126000;1;14874,209036;
DB;Select Java in memory;127000;1;14929,205826;
DB;Select Java in memory;128000;1;15129,632286;
DB;Select Java in memory;129000;1;15455,032258;
DB;Select Java in memory;130000;1;16013,717503;
DB;Select Java in memory;131000;1;15786,644835;
DB;Select Java in memory;132000;1;16257,820636;
DB;Select Java in memory;133000;1;16841,691188;
DB;Select Java in memory;134000;1;16982,094825;
DB;Select Java in memory;135000;1;17200,693131;
DB;Select Java in memory;136000;1;17779,643740;
DB;Select Java in memory;137000;1;17619,227556;
DB;Select Java in memory;138000;1;17794,332816;
DB;Select Java in memory;139000;1;18080,590214;
DB;Select Java in memory;140000;1;18154,589462;
DB;Select Java in memory;141000;1;18287,282975;
DB;Select Java in memory;142000;1;18744,261975;
DB;Select Java in memory;143000;1;19179,584374;
DB;Select Java in memory;144000;1;19127,574793;
DB;Select Java in memory;145000;1;19775,592080;
DB;Select Java in memory;146000;1;20429,931487;
DB;Select Java in memory;147000;1;20288,592185;
DB;Select Java in memory;148000;1;20214,044782;
DB;Select Java in memory;149000;1;21029,087063;
DB;Select Java in memory;150000;1;20897,722955;
DB;Select Java in memory;151000;1;21489,818591;
DB;Select Java in memory;152000;1;21519,078793;
DB;Select Java in memory;153000;1;22175,721710;
DB;Select Java in memory;154000;1;22494,408862;
DB;Select Java in memory;155000;1;22956,966217;
DB;Select Java in memory;156000;1;23056,258514;
DB;Select Java in memory;157000;1;23434,947482;
DB;Select Java in memory;158000;1;23632,361524;
DB;Select Java in memory;159000;1;24223,253939;
DB;Select Java in memory;160000;1;24198,681882;
DB;Select Java in memory;161000;1;24751,722808;
DB;Select Java in memory;162000;1;24645,404503;
DB;Select Java in memory;163000;1;25096,393666;
DB;Select Java in memory;164000;1;25325,921299;
DB;Select Java in memory;165000;1;25796,513081;
DB;Select Java in memory;166000;1;26324,849751;
DB;Select Java in memory;167000;1;26573,567126;
DB;Select Java in memory;168000;1;26360,060771;
DB;Select Java in memory;169000;1;27246,258155;
DB;Select Java in memory;170000;1;27174,567261;
DB;Select Java in memory;171000;1;27547,509448;
DB;Select Java in memory;172000;1;27863,668056;
DB;Select Java in memory;173000;1;28588,428066;
DB;Select Java in memory;174000;1;28717,850414;
DB;Select Java in memory;175000;1;28832,407003;
DB;Select Java in memory;176000;1;29209,841092;
DB;Select Java in memory;177000;1;29584,985886;
DB;Select Java in memory;178000;1;29641,564559;
DB;Select Java in memory;179000;1;30052,976345;
DB;Select Java in memory;180000;1;30778,152279;
DB;Select Java in memory;181000;1;30821,373791;
DB;Select Java in memory;182000;1;31469,003076;
DB;Select Java in memory;183000;1;31474,417776;
DB;Select Java in memory;184000;1;32124,694911;
DB;Select Java in memory;185000;1;32242,550208;
DB;Select Java in memory;186000;1;32887,031316;
DB;Select Java in memory;187000;1;32904,443206;
DB;Select Java in memory;188000;1;33629,041390;
DB;Select Java in memory;189000;1;33884,971244;
DB;Select Java in memory;190000;1;34137,975161;
DB;Select Java in memory;191000;1;34425,257581;
DB;Select Java in memory;192000;1;34664,289653;
DB;Select Java in memory;193000;1;35144,609257;
DB;Select Java in memory;194000;1;35738,653528;
DB;Select Java in memory;195000;1;36210,563524;
DB;Select Java in memory;196000;1;36341,993526;
DB;Select Java in memory;197000;1;36606,906422;
DB;Select Java in memory;198000;1;37016,415518;
DB;Select Java in memory;199000;1;37610,584554;
DB;Select Java in memory;200000;1;37852,255591;
DB;Select Java in memory;201000;1;38216,821169;
DB;Select Java in memory;202000;1;38854,070759;
DB;Select Java in memory;203000;1;39165,014008;
DB;Select Java in memory;204000;1;39391,652893;
DB;Select Java in memory;205000;1;40010,809602;
DB;Select Java in memory;206000;1;40395,972996;
DB;Select Java in memory;207000;1;40773,061476;
DB;Select Java in memory;208000;1;40882,269438;
DB;Select Java in memory;209000;1;41567,839437;
DB;Select Java in memory;210000;1;41975,945789;
DB;Select Java in memory;211000;1;42242,438866;
DB;Select Java in memory;212000;1;42886,672983;
DB;Select Java in memory;213000;1;43107,362137;
DB;Select Java in memory;214000;1;43287,328950;
DB;Select Java in memory;215000;1;43838,346482;
DB;Select Java in memory;216000;1;44411,970755;
DB;Select Java in memory;217000;1;44757,331486;
DB;Select Java in memory;218000;1;45212,932110;
DB;Select Java in memory;219000;1;45734,486947;
DB;Select Java in memory;220000;1;46020,730508;
DB;Select Java in memory;221000;1;46554,203590;
DB;Select Java in memory;222000;1;46714,113655;
DB;Select Java in memory;223000;1;47281,083779;
DB;Select Java in memory;224000;1;47635,036252;
DB;Select Java in memory;225000;1;48442,936876;
DB;Select Java in memory;226000;1;48673,683215;
DB;Select Java in memory;227000;1;49200,825673;
DB;Select Java in memory;228000;1;49817,455743;
DB;Select Java in memory;229000;1;49911,001383;
DB;Select Java in memory;230000;1;50601,985247;
DB;Select Java in memory;231000;1;50843,936147;
DB;Select Java in memory;232000;1;51392,100849;
DB;Select Java in memory;233000;1;51635,336963;
DB;Select Java in memory;234000;1;52283,857241;
DB;Select Java in memory;235000;1;52933,103894;
DB;Select Java in memory;236000;1;52921,539328;
DB;Select Java in memory;237000;1;53835,395079;
DB;Select Java in memory;238000;1;53961,625080;
DB;Select Java in memory;239000;1;54269,566365;
DB;Select Java in memory;240000;1;55059,836613;
DB;Select Java in memory;241000;1;55175,166665;
DB;Select Java in memory;242000;1;55786,116967;
DB;Select Java in memory;243000;1;56307,993678;
DB;Select Java in memory;244000;1;56722,602252;
DB;Select Java in memory;245000;1;56972,075320;
DB;Select Java in memory;246000;1;57999,658786;
DB;Select Java in memory;247000;1;58215,613997;
DB;Select Java in memory;248000;1;58929,892392;
DB;Select Java in memory;249000;1;59171,079474;
DB;Select Java in memory;250000;1;59655,106601;

DB;Select Java in memory;100;10;102,248801;
DB;Select Java in memory;1000;10;104,715486;
DB;Select Java in memory;2000;10;100,068334;
DB;Select Java in memory;3000;10;105,951217;
DB;Select Java in memory;4000;10;116,777151;
DB;Select Java in memory;5000;10;111,411297;
DB;Select Java in memory;6000;10;107,588442;
DB;Select Java in memory;7000;10;115,269442;
DB;Select Java in memory;8000;10;121,093371;
DB;Select Java in memory;9000;10;103,925367;
DB;Select Java in memory;10000;10;104,821982;
DB;Select Java in memory;11000;10;110,422273;
DB;Select Java in memory;12000;10;107,365293;
DB;Select Java in memory;13000;10;115,825939;
DB;Select Java in memory;14000;10;107,782161;
DB;Select Java in memory;15000;10;110,618902;
DB;Select Java in memory;16000;10;117,391087;
DB;Select Java in memory;17000;10;121,661973;
DB;Select Java in memory;18000;10;128,371776;
DB;Select Java in memory;19000;10;103,676131;
DB;Select Java in memory;20000;10;111,754262;
DB;Select Java in memory;21000;10;107,800895;
DB;Select Java in memory;22000;10;118,517491;
DB;Select Java in memory;23000;10;128,207666;
DB;Select Java in memory;24000;10;110,174568;
DB;Select Java in memory;25000;10;127,973008;
DB;Select Java in memory;26000;10;105,961783;
DB;Select Java in memory;27000;10;111,039115;
DB;Select Java in memory;28000;10;101,823247;
DB;Select Java in memory;29000;10;131,506842;
DB;Select Java in memory;30000;10;125,808171;
DB;Select Java in memory;31000;10;120,500409;
DB;Select Java in memory;32000;10;124,279676;
DB;Select Java in memory;33000;10;118,254217;
DB;Select Java in memory;34000;10;121,719051;
DB;Select Java in memory;35000;10;128,192580;
DB;Select Java in memory;36000;10;116,100558;
DB;Select Java in memory;37000;10;138,680154;
DB;Select Java in memory;38000;10;133,280946;
DB;Select Java in memory;39000;10;132,150877;
DB;Select Java in memory;40000;10;129,269275;
DB;Select Java in memory;41000;10;120,895688;
DB;Select Java in memory;42000;10;120,535978;
DB;Select Java in memory;43000;10;130,589023;
DB;Select Java in memory;44000;10;120,989565;
DB;Select Java in memory;45000;10;125,502398;
DB;Select Java in memory;46000;10;124,208391;
DB;Select Java in memory;47000;10;124,174637;
DB;Select Java in memory;48000;10;126,007618;
DB;Select Java in memory;49000;10;128,441394;
DB;Select Java in memory;50000;10;125,936476;
DB;Select Java in memory;51000;10;119,232308;
DB;Select Java in memory;52000;10;123,404638;
DB;Select Java in memory;53000;10;134,414196;
DB;Select Java in memory;54000;10;141,200990;
DB;Select Java in memory;55000;10;141,926897;
DB;Select Java in memory;56000;10;124,136791;
DB;Select Java in memory;57000;10;137,422177;
DB;Select Java in memory;58000;10;129,167026;
DB;Select Java in memory;59000;10;124,376729;
DB;Select Java in memory;60000;10;118,451402;
DB;Select Java in memory;61000;10;139,106025;
DB;Select Java in memory;62000;10;127,359022;
DB;Select Java in memory;63000;10;130,346895;
DB;Select Java in memory;64000;10;130,260650;
DB;Select Java in memory;65000;10;136,771471;
DB;Select Java in memory;66000;10;125,694583;
DB;Select Java in memory;67000;10;120,665336;
DB;Select Java in memory;68000;10;144,970806;
DB;Select Java in memory;69000;10;121,739114;
DB;Select Java in memory;70000;10;126,797030;
DB;Select Java in memory;71000;10;138,984173;
DB;Select Java in memory;72000;10;141,144338;
DB;Select Java in memory;73000;10;133,443977;
DB;Select Java in memory;74000;10;143,988036;
DB;Select Java in memory;75000;10;139,173888;
DB;Select Java in memory;76000;10;133,235479;
DB;Select Java in memory;77000;10;146,760889;
DB;Select Java in memory;78000;10;126,429049;
DB;Select Java in memory;79000;10;139,597896;
DB;Select Java in memory;80000;10;132,459770;
DB;Select Java in memory;81000;10;140,688467;
DB;Select Java in memory;82000;10;130,702539;
DB;Select Java in memory;83000;10;131,506899;
DB;Select Java in memory;84000;10;122,171491;
DB;Select Java in memory;85000;10;130,885668;
DB;Select Java in memory;86000;10;135,710967;
DB;Select Java in memory;87000;10;144,701308;
DB;Select Java in memory;88000;10;148,724497;
DB;Select Java in memory;89000;10;147,933977;
DB;Select Java in memory;90000;10;140,252061;
DB;Select Java in memory;91000;10;154,333076;
DB;Select Java in memory;92000;10;135,781223;
DB;Select Java in memory;93000;10;133,546569;
DB;Select Java in memory;94000;10;141,635127;
DB;Select Java in memory;95000;10;146,926315;
DB;Select Java in memory;96000;10;148,465461;
DB;Select Java in memory;97000;10;142,224139;
DB;Select Java in memory;98000;10;145,677154;
DB;Select Java in memory;99000;10;158,290374;
DB;Select Java in memory;100000;10;133,485027;
DB;Select Java in memory;101000;10;147,872881;
DB;Select Java in memory;102000;10;153,232856;
DB;Select Java in memory;103000;10;148,728502;
DB;Select Java in memory;104000;10;147,132831;
DB;Select Java in memory;105000;10;153,763852;
DB;Select Java in memory;106000;10;141,093497;
DB;Select Java in memory;107000;10;141,581925;
DB;Select Java in memory;108000;10;141,145863;
DB;Select Java in memory;109000;10;146,240023;
DB;Select Java in memory;110000;10;161,171655;
DB;Select Java in memory;111000;10;142,402376;
DB;Select Java in memory;112000;10;151,449151;
DB;Select Java in memory;113000;10;143,021484;
DB;Select Java in memory;114000;10;142,341771;
DB;Select Java in memory;115000;10;135,171562;
DB;Select Java in memory;116000;10;134,937598;
DB;Select Java in memory;117000;10;150,983218;
DB;Select Java in memory;118000;10;162,893140;
DB;Select Java in memory;119000;10;159,196080;
DB;Select Java in memory;120000;10;166,592893;
DB;Select Java in memory;121000;10;141,440452;
DB;Select Java in memory;122000;10;154,944194;
DB;Select Java in memory;123000;10;152,971114;
DB;Select Java in memory;124000;10;157,276041;
DB;Select Java in memory;125000;10;157,957252;
DB;Select Java in memory;126000;10;151,916152;
DB;Select Java in memory;127000;10;156,046468;
DB;Select Java in memory;128000;10;137,433856;
DB;Select Java in memory;129000;10;150,058950;
DB;Select Java in memory;130000;10;156,617669;
DB;Select Java in memory;131000;10;153,611474;
DB;Select Java in memory;132000;10;148,229673;
DB;Select Java in memory;133000;10;162,002803;
DB;Select Java in memory;134000;10;159,387851;
DB;Select Java in memory;135000;10;153,508085;
DB;Select Java in memory;136000;10;169,525389;
DB;Select Java in memory;137000;10;162,428400;
DB;Select Java in memory;138000;10;159,192896;
DB;Select Java in memory;139000;10;156,013266;
DB;Select Java in memory;140000;10;172,667269;
DB;Select Java in memory;141000;10;149,750966;
DB;Select Java in memory;142000;10;163,919316;
DB;Select Java in memory;143000;10;153,369384;
DB;Select Java in memory;144000;10;164,176648;
DB;Select Java in memory;145000;10;169,065332;
DB;Select Java in memory;146000;10;158,266173;
DB;Select Java in memory;147000;10;160,408852;
DB;Select Java in memory;148000;10;170,127297;
DB;Select Java in memory;149000;10;184,499967;
DB;Select Java in memory;150000;10;169,524795;
DB;Select Java in memory;151000;10;158,750880;
DB;Select Java in memory;152000;10;173,109867;
DB;Select Java in memory;153000;10;179,616966;
DB;Select Java in memory;154000;10;174,454790;
DB;Select Java in memory;155000;10;172,770077;
DB;Select Java in memory;156000;10;167,374705;
DB;Select Java in memory;157000;10;165,185971;
DB;Select Java in memory;158000;10;153,701536;
DB;Select Java in memory;159000;10;160,761485;
DB;Select Java in memory;160000;10;182,153632;
DB;Select Java in memory;161000;10;155,862392;
DB;Select Java in memory;162000;10;185,083300;
DB;Select Java in memory;163000;10;185,966958;
DB;Select Java in memory;164000;10;188,372827;
DB;Select Java in memory;165000;10;185,735264;
DB;Select Java in memory;166000;10;179,277730;
DB;Select Java in memory;167000;10;175,583442;
DB;Select Java in memory;168000;10;176,392090;
DB;Select Java in memory;169000;10;183,944414;
DB;Select Java in memory;170000;10;183,004997;
DB;Select Java in memory;171000;10;185,076475;
DB;Select Java in memory;172000;10;187,100548;
DB;Select Java in memory;173000;10;192,350414;
DB;Select Java in memory;174000;10;192,453555;
DB;Select Java in memory;175000;10;188,284173;
DB;Select Java in memory;176000;10;179,759908;
DB;Select Java in memory;177000;10;178,960336;
DB;Select Java in memory;178000;10;184,375845;
DB;Select Java in memory;179000;10;194,026128;
DB;Select Java in memory;180000;10;187,482981;
DB;Select Java in memory;181000;10;170,084511;
DB;Select Java in memory;182000;10;193,827566;
DB;Select Java in memory;183000;10;191,685919;
DB;Select Java in memory;184000;10;200,624789;
DB;Select Java in memory;185000;10;195,919035;
DB;Select Java in memory;186000;10;189,784844;
DB;Select Java in memory;187000;10;190,080748;
DB;Select Java in memory;188000;10;205,652199;
DB;Select Java in memory;189000;10;197,258656;
DB;Select Java in memory;190000;10;199,527061;
DB;Select Java in memory;191000;10;194,139660;
DB;Select Java in memory;192000;10;200,691768;
DB;Select Java in memory;193000;10;188,749227;
DB;Select Java in memory;194000;10;207,575808;
DB;Select Java in memory;195000;10;189,355687;
DB;Select Java in memory;196000;10;211,077606;
DB;Select Java in memory;197000;10;196,696302;
DB;Select Java in memory;198000;10;194,564518;
DB;Select Java in memory;199000;10;188,429413;
DB;Select Java in memory;200000;10;211,612104;
DB;Select Java in memory;201000;10;196,873712;
DB;Select Java in memory;202000;10;214,977734;
DB;Select Java in memory;203000;10;200,173261;
DB;Select Java in memory;204000;10;204,305202;
DB;Select Java in memory;205000;10;207,810693;
DB;Select Java in memory;206000;10;210,576866;
DB;Select Java in memory;207000;10;198,415791;
DB;Select Java in memory;208000;10;202,826534;
DB;Select Java in memory;209000;10;213,052615;
DB;Select Java in memory;210000;10;204,748361;
DB;Select Java in memory;211000;10;199,740965;
DB;Select Java in memory;212000;10;193,635800;
DB;Select Java in memory;213000;10;215,578474;
DB;Select Java in memory;214000;10;224,764434;
DB;Select Java in memory;215000;10;201,296735;
DB;Select Java in memory;216000;10;198,174172;
DB;Select Java in memory;217000;10;206,705176;
DB;Select Java in memory;218000;10;208,495949;
DB;Select Java in memory;219000;10;219,664672;
DB;Select Java in memory;220000;10;218,446811;
DB;Select Java in memory;221000;10;220,505033;
DB;Select Java in memory;222000;10;206,534514;
DB;Select Java in memory;223000;10;213,120707;
DB;Select Java in memory;224000;10;213,701089;
DB;Select Java in memory;225000;10;209,422931;
DB;Select Java in memory;226000;10;211,166090;
DB;Select Java in memory;227000;10;190,470096;
DB;Select Java in memory;228000;10;201,487633;
DB;Select Java in memory;229000;10;215,302720;
DB;Select Java in memory;230000;10;210,788480;
DB;Select Java in memory;231000;10;218,821353;
DB;Select Java in memory;232000;10;211,016765;
DB;Select Java in memory;233000;10;206,134749;
DB;Select Java in memory;234000;10;213,233113;
DB;Select Java in memory;235000;10;213,690227;
DB;Select Java in memory;236000;10;213,193161;
DB;Select Java in memory;237000;10;223,760480;
DB;Select Java in memory;238000;10;214,669330;
DB;Select Java in memory;239000;10;211,087134;
DB;Select Java in memory;240000;10;213,902975;
DB;Select Java in memory;241000;10;205,072166;
DB;Select Java in memory;242000;10;207,378314;
DB;Select Java in memory;243000;10;204,264703;
DB;Select Java in memory;244000;10;199,596350;
DB;Select Java in memory;245000;10;207,456733;
DB;Select Java in memory;246000;10;210,848800;
DB;Select Java in memory;247000;10;213,683106;
DB;Select Java in memory;248000;10;207,252756;
DB;Select Java in memory;249000;10;214,447607;
DB;Select Java in memory;250000;10;217,359582;

DB;Select Java in memory;100;100;95,667665;
DB;Select Java in memory;1000;100;114,238026;
DB;Select Java in memory;2000;100;105,060220;
DB;Select Java in memory;3000;100;110,663969;
DB;Select Java in memory;4000;100;103,841477;
DB;Select Java in memory;5000;100;112,256918;
DB;Select Java in memory;6000;100;114,775447;
DB;Select Java in memory;7000;100;105,810067;
DB;Select Java in memory;8000;100;118,643410;
DB;Select Java in memory;9000;100;101,044909;
DB;Select Java in memory;10000;100;115,899344;
DB;Select Java in memory;11000;100;106,173360;
DB;Select Java in memory;12000;100;113,799335;
DB;Select Java in memory;13000;100;104,086124;
DB;Select Java in memory;14000;100;93,933531;
DB;Select Java in memory;15000;100;114,020015;
DB;Select Java in memory;16000;100;103,696210;
DB;Select Java in memory;17000;100;97,940430;
DB;Select Java in memory;18000;100;121,043033;
DB;Select Java in memory;19000;100;127,234962;
DB;Select Java in memory;20000;100;122,958793;
DB;Select Java in memory;21000;100;120,670095;
DB;Select Java in memory;22000;100;131,296254;
DB;Select Java in memory;23000;100;129,714867;
DB;Select Java in memory;24000;100;124,082143;
DB;Select Java in memory;25000;100;123,446154;
DB;Select Java in memory;26000;100;122,959151;
DB;Select Java in memory;27000;100;120,439757;
DB;Select Java in memory;28000;100;130,523671;
DB;Select Java in memory;29000;100;116,232389;
DB;Select Java in memory;30000;100;119,408166;
DB;Select Java in memory;31000;100;115,516593;
DB;Select Java in memory;32000;100;120,504875;
DB;Select Java in memory;33000;100;124,377950;
DB;Select Java in memory;34000;100;120,857103;
DB;Select Java in memory;35000;100;123,878997;
DB;Select Java in memory;36000;100;119,130003;
DB;Select Java in memory;37000;100;119,133134;
DB;Select Java in memory;38000;100;115,797901;
DB;Select Java in memory;39000;100;116,406287;
DB;Select Java in memory;40000;100;127,920396;
DB;Select Java in memory;41000;100;122,578285;
DB;Select Java in memory;42000;100;109,126469;
DB;Select Java in memory;43000;100;126,049099;
DB;Select Java in memory;44000;100;126,094514;
DB;Select Java in memory;45000;100;131,975517;
DB;Select Java in memory;46000;100;124,431701;
DB;Select Java in memory;47000;100;131,314600;
DB;Select Java in memory;48000;100;113,231999;
DB;Select Java in memory;49000;100;124,763931;
DB;Select Java in memory;50000;100;132,775150;
DB;Select Java in memory;51000;100;119,288935;
DB;Select Java in memory;52000;100;127,959138;
DB;Select Java in memory;53000;100;130,247643;
DB;Select Java in memory;54000;100;118,178412;
DB;Select Java in memory;55000;100;118,612818;
DB;Select Java in memory;56000;100;137,646720;
DB;Select Java in memory;57000;100;123,437574;
DB;Select Java in memory;58000;100;118,898124;
DB;Select Java in memory;59000;100;130,459855;
DB;Select Java in memory;60000;100;121,376335;
DB;Select Java in memory;61000;100;115,979482;
DB;Select Java in memory;62000;100;135,003681;
DB;Select Java in memory;63000;100;130,646166;
DB;Select Java in memory;64000;100;121,038316;
DB;Select Java in memory;65000;100;134,323901;
DB;Select Java in memory;66000;100;142,593238;
DB;Select Java in memory;67000;100;129,005445;
DB;Select Java in memory;68000;100;126,188266;
DB;Select Java in memory;69000;100;131,380369;
DB;Select Java in memory;70000;100;135,405878;
DB;Select Java in memory;71000;100;131,120671;
DB;Select Java in memory;72000;100;126,858545;
DB;Select Java in memory;73000;100;139,232476;
DB;Select Java in memory;74000;100;128,550494;
DB;Select Java in memory;75000;100;133,908358;
DB;Select Java in memory;76000;100;139,252130;
DB;Select Java in memory;77000;100;140,398726;
DB;Select Java in memory;78000;100;127,014269;
DB;Select Java in memory;79000;100;127,832846;
DB;Select Java in memory;80000;100;139,357451;
DB;Select Java in memory;81000;100;135,517824;
DB;Select Java in memory;82000;100;127,284262;
DB;Select Java in memory;83000;100;144,183218;
DB;Select Java in memory;84000;100;140,568827;
DB;Select Java in memory;85000;100;121,630360;
DB;Select Java in memory;86000;100;123,670652;
DB;Select Java in memory;87000;100;130,926643;
DB;Select Java in memory;88000;100;132,906981;
DB;Select Java in memory;89000;100;134,697483;
DB;Select Java in memory;90000;100;132,660739;
DB;Select Java in memory;91000;100;142,686203;
DB;Select Java in memory;92000;100;125,012035;
DB;Select Java in memory;93000;100;140,317486;
DB;Select Java in memory;94000;100;134,589777;
DB;Select Java in memory;95000;100;132,993321;
DB;Select Java in memory;96000;100;150,153852;
DB;Select Java in memory;97000;100;134,039120;
DB;Select Java in memory;98000;100;151,881306;
DB;Select Java in memory;99000;100;132,374454;
DB;Select Java in memory;100000;100;141,876599;
DB;Select Java in memory;101000;100;141,106219;
DB;Select Java in memory;102000;100;141,619091;
DB;Select Java in memory;103000;100;151,089636;
DB;Select Java in memory;104000;100;144,408731;
DB;Select Java in memory;105000;100;148,471647;
DB;Select Java in memory;106000;100;149,408445;
DB;Select Java in memory;107000;100;136,747167;
DB;Select Java in memory;108000;100;140,526006;
DB;Select Java in memory;109000;100;143,564817;
DB;Select Java in memory;110000;100;142,817211;
DB;Select Java in memory;111000;100;138,241383;
DB;Select Java in memory;112000;100;146,651685;
DB;Select Java in memory;113000;100;139,365473;
DB;Select Java in memory;114000;100;144,623799;
DB;Select Java in memory;115000;100;142,719326;
DB;Select Java in memory;116000;100;142,110959;
DB;Select Java in memory;117000;100;145,002968;
DB;Select Java in memory;118000;100;146,206225;
DB;Select Java in memory;119000;100;138,072831;
DB;Select Java in memory;120000;100;156,486778;
DB;Select Java in memory;121000;100;161,901626;
DB;Select Java in memory;122000;100;140,234523;
DB;Select Java in memory;123000;100;155,416129;
DB;Select Java in memory;124000;100;155,361305;
DB;Select Java in memory;125000;100;149,387729;
DB;Select Java in memory;126000;100;146,829208;
DB;Select Java in memory;127000;100;144,161087;
DB;Select Java in memory;128000;100;153,951385;
DB;Select Java in memory;129000;100;155,218239;
DB;Select Java in memory;130000;100;146,214364;
DB;Select Java in memory;131000;100;146,634755;
DB;Select Java in memory;132000;100;149,478575;
DB;Select Java in memory;133000;100;140,929422;
DB;Select Java in memory;134000;100;157,080337;
DB;Select Java in memory;135000;100;155,251748;
DB;Select Java in memory;136000;100;154,462637;
DB;Select Java in memory;137000;100;173,775241;
DB;Select Java in memory;138000;100;146,985682;
DB;Select Java in memory;139000;100;156,421090;
DB;Select Java in memory;140000;100;151,066386;
DB;Select Java in memory;141000;100;164,220191;
DB;Select Java in memory;142000;100;155,586932;
DB;Select Java in memory;143000;100;164,326030;
DB;Select Java in memory;144000;100;166,691866;
DB;Select Java in memory;145000;100;159,117623;
DB;Select Java in memory;146000;100;171,333784;
DB;Select Java in memory;147000;100;170,651663;
DB;Select Java in memory;148000;100;160,595100;
DB;Select Java in memory;149000;100;162,923254;
DB;Select Java in memory;150000;100;160,783763;
DB;Select Java in memory;151000;100;166,248736;
DB;Select Java in memory;152000;100;155,693983;
DB;Select Java in memory;153000;100;160,656787;
DB;Select Java in memory;154000;100;164,345503;
DB;Select Java in memory;155000;100;153,627690;
DB;Select Java in memory;156000;100;171,018254;
DB;Select Java in memory;157000;100;180,093331;
DB;Select Java in memory;158000;100;164,121992;
DB;Select Java in memory;159000;100;170,280445;
DB;Select Java in memory;160000;100;151,744151;
DB;Select Java in memory;161000;100;175,154493;
DB;Select Java in memory;162000;100;177,197695;
DB;Select Java in memory;163000;100;195,393273;
DB;Select Java in memory;164000;100;171,316512;
DB;Select Java in memory;165000;100;158,065138;
DB;Select Java in memory;166000;100;177,899286;
DB;Select Java in memory;167000;100;165,394656;
DB;Select Java in memory;168000;100;174,909186;
DB;Select Java in memory;169000;100;176,031607;
DB;Select Java in memory;170000;100;175,534913;
DB;Select Java in memory;171000;100;168,303452;
DB;Select Java in memory;172000;100;173,773209;
DB;Select Java in memory;173000;100;163,537108;
DB;Select Java in memory;174000;100;191,072421;
DB;Select Java in memory;175000;100;194,963242;
DB;Select Java in memory;176000;100;159,723601;
DB;Select Java in memory;177000;100;191,107372;
DB;Select Java in memory;178000;100;171,626156;
DB;Select Java in memory;179000;100;185,685888;
DB;Select Java in memory;180000;100;190,652567;
DB;Select Java in memory;181000;100;185,449293;
DB;Select Java in memory;182000;100;177,031208;
DB;Select Java in memory;183000;100;185,730066;
DB;Select Java in memory;184000;100;196,181327;
DB;Select Java in memory;185000;100;185,990507;
DB;Select Java in memory;186000;100;185,495241;
DB;Select Java in memory;187000;100;174,274885;
DB;Select Java in memory;188000;100;179,782211;
DB;Select Java in memory;189000;100;189,400857;
DB;Select Java in memory;190000;100;186,885615;
DB;Select Java in memory;191000;100;196,576633;
DB;Select Java in memory;192000;100;187,682949;
DB;Select Java in memory;193000;100;188,462031;
DB;Select Java in memory;194000;100;182,729385;
DB;Select Java in memory;195000;100;192,942395;
DB;Select Java in memory;196000;100;192,257774;
DB;Select Java in memory;197000;100;195,389337;
DB;Select Java in memory;198000;100;193,987230;
DB;Select Java in memory;199000;100;193,078217;
DB;Select Java in memory;200000;100;193,088470;
DB;Select Java in memory;201000;100;218,509926;
DB;Select Java in memory;202000;100;191,088109;
DB;Select Java in memory;203000;100;191,706281;
DB;Select Java in memory;204000;100;193,642586;
DB;Select Java in memory;205000;100;192,297453;
DB;Select Java in memory;206000;100;179,442458;
DB;Select Java in memory;207000;100;210,756318;
DB;Select Java in memory;208000;100;201,273444;
DB;Select Java in memory;209000;100;218,363798;
DB;Select Java in memory;210000;100;222,763968;
DB;Select Java in memory;211000;100;198,304563;
DB;Select Java in memory;212000;100;211,672278;
DB;Select Java in memory;213000;100;200,084521;
DB;Select Java in memory;214000;100;209,851786;
DB;Select Java in memory;215000;100;199,600136;
DB;Select Java in memory;216000;100;201,094313;
DB;Select Java in memory;217000;100;207,973406;
DB;Select Java in memory;218000;100;212,191140;
DB;Select Java in memory;219000;100;201,586517;
DB;Select Java in memory;220000;100;204,098029;
DB;Select Java in memory;221000;100;192,047184;
DB;Select Java in memory;222000;100;196,318055;
DB;Select Java in memory;223000;100;195,092950;
DB;Select Java in memory;224000;100;181,388408;
DB;Select Java in memory;225000;100;199,495472;
DB;Select Java in memory;226000;100;210,393591;
DB;Select Java in memory;227000;100;198,156233;
DB;Select Java in memory;228000;100;198,617248;
DB;Select Java in memory;229000;100;203,654391;
DB;Select Java in memory;230000;100;189,855676;
DB;Select Java in memory;231000;100;193,829295;
DB;Select Java in memory;232000;100;208,713215;
DB;Select Java in memory;233000;100;228,389388;
DB;Select Java in memory;234000;100;206,184763;
DB;Select Java in memory;235000;100;207,920471;
DB;Select Java in memory;236000;100;199,586452;
DB;Select Java in memory;237000;100;208,164561;
DB;Select Java in memory;238000;100;202,590316;
DB;Select Java in memory;239000;100;207,932449;
DB;Select Java in memory;240000;100;217,450357;
DB;Select Java in memory;241000;100;213,486531;
DB;Select Java in memory;242000;100;211,680766;
DB;Select Java in memory;243000;100;204,123320;
DB;Select Java in memory;244000;100;203,569122;
DB;Select Java in memory;245000;100;202,138787;
DB;Select Java in memory;246000;100;207,758897;
DB;Select Java in memory;247000;100;187,315164;
DB;Select Java in memory;248000;100;196,379830;
DB;Select Java in memory;249000;100;205,755925;
DB;Select Java in memory;250000;100;207,882895;

DB;Select Java in memory;100;1000;109,769477;
DB;Select Java in memory;1000;1000;103,573096;
DB;Select Java in memory;2000;1000;96,823327;
DB;Select Java in memory;3000;1000;97,308763;
DB;Select Java in memory;4000;1000;103,329385;
DB;Select Java in memory;5000;1000;120,959094;
DB;Select Java in memory;6000;1000;109,628230;
DB;Select Java in memory;7000;1000;106,506392;
DB;Select Java in memory;8000;1000;117,667468;
DB;Select Java in memory;9000;1000;102,541783;
DB;Select Java in memory;10000;1000;121,620703;
DB;Select Java in memory;11000;1000;117,508892;
DB;Select Java in memory;12000;1000;105,716350;
DB;Select Java in memory;13000;1000;112,506112;
DB;Select Java in memory;14000;1000;122,314274;
DB;Select Java in memory;15000;1000;115,438912;
DB;Select Java in memory;16000;1000;116,150717;
DB;Select Java in memory;17000;1000;107,957211;
DB;Select Java in memory;18000;1000;113,923064;
DB;Select Java in memory;19000;1000;119,597660;
DB;Select Java in memory;20000;1000;119,022976;
DB;Select Java in memory;21000;1000;110,521191;
DB;Select Java in memory;22000;1000;113,403955;
DB;Select Java in memory;23000;1000;130,648473;
DB;Select Java in memory;24000;1000;108,278889;
DB;Select Java in memory;25000;1000;120,665583;
DB;Select Java in memory;26000;1000;123,799326;
DB;Select Java in memory;27000;1000;126,344726;
DB;Select Java in memory;28000;1000;115,431853;
DB;Select Java in memory;29000;1000;117,541731;
DB;Select Java in memory;30000;1000;128,970250;
DB;Select Java in memory;31000;1000;121,525564;
DB;Select Java in memory;32000;1000;134,849104;
DB;Select Java in memory;33000;1000;109,175863;
DB;Select Java in memory;34000;1000;105,341071;
DB;Select Java in memory;35000;1000;121,822408;
DB;Select Java in memory;36000;1000;134,577881;
DB;Select Java in memory;37000;1000;123,401409;
DB;Select Java in memory;38000;1000;121,913244;
DB;Select Java in memory;39000;1000;117,557193;
DB;Select Java in memory;40000;1000;124,386784;
DB;Select Java in memory;41000;1000;125,142275;
DB;Select Java in memory;42000;1000;126,361629;
DB;Select Java in memory;43000;1000;122,861652;
DB;Select Java in memory;44000;1000;124,806513;
DB;Select Java in memory;45000;1000;120,208300;
DB;Select Java in memory;46000;1000;126,846027;
DB;Select Java in memory;47000;1000;114,775970;
DB;Select Java in memory;48000;1000;127,895519;
DB;Select Java in memory;49000;1000;104,290419;
DB;Select Java in memory;50000;1000;118,708008;
DB;Select Java in memory;51000;1000;121,289169;
DB;Select Java in memory;52000;1000;131,351526;
DB;Select Java in memory;53000;1000;124,878579;
DB;Select Java in memory;54000;1000;119,631827;
DB;Select Java in memory;55000;1000;128,589983;
DB;Select Java in memory;56000;1000;130,761439;
DB;Select Java in memory;57000;1000;129,591317;
DB;Select Java in memory;58000;1000;129,643142;
DB;Select Java in memory;59000;1000;131,126700;
DB;Select Java in memory;60000;1000;127,749687;
DB;Select Java in memory;61000;1000;120,342885;
DB;Select Java in memory;62000;1000;127,290093;
DB;Select Java in memory;63000;1000;137,383213;
DB;Select Java in memory;64000;1000;128,754195;
DB;Select Java in memory;65000;1000;129,305272;
DB;Select Java in memory;66000;1000;133,092842;
DB;Select Java in memory;67000;1000;122,200842;
DB;Select Java in memory;68000;1000;119,937225;
DB;Select Java in memory;69000;1000;133,829193;
DB;Select Java in memory;70000;1000;150,501874;
DB;Select Java in memory;71000;1000;126,797467;
DB;Select Java in memory;72000;1000;137,498649;
DB;Select Java in memory;73000;1000;108,576044;
DB;Select Java in memory;74000;1000;128,421029;
DB;Select Java in memory;75000;1000;127,198415;
DB;Select Java in memory;76000;1000;121,674352;
DB;Select Java in memory;77000;1000;136,857353;
DB;Select Java in memory;78000;1000;142,040196;
DB;Select Java in memory;79000;1000;134,180854;
DB;Select Java in memory;80000;1000;131,537555;
DB;Select Java in memory;81000;1000;138,181109;
DB;Select Java in memory;82000;1000;126,947407;
DB;Select Java in memory;83000;1000;142,275899;
DB;Select Java in memory;84000;1000;133,285277;
DB;Select Java in memory;85000;1000;136,870703;
DB;Select Java in memory;86000;1000;134,823952;
DB;Select Java in memory;87000;1000;141,888028;
DB;Select Java in memory;88000;1000;148,078289;
DB;Select Java in memory;89000;1000;137,029181;
DB;Select Java in memory;90000;1000;135,878922;
DB;Select Java in memory;91000;1000;132,540531;
DB;Select Java in memory;92000;1000;134,412223;
DB;Select Java in memory;93000;1000;132,784481;
DB;Select Java in memory;94000;1000;124,189545;
DB;Select Java in memory;95000;1000;137,548919;
DB;Select Java in memory;96000;1000;136,960661;
DB;Select Java in memory;97000;1000;129,034703;
DB;Select Java in memory;98000;1000;141,766958;
DB;Select Java in memory;99000;1000;129,697934;
DB;Select Java in memory;100000;1000;130,507210;
DB;Select Java in memory;101000;1000;151,937888;
DB;Select Java in memory;102000;1000;122,533202;
DB;Select Java in memory;103000;1000;140,498658;
DB;Select Java in memory;104000;1000;145,080363;
DB;Select Java in memory;105000;1000;153,718368;
DB;Select Java in memory;106000;1000;134,530439;
DB;Select Java in memory;107000;1000;140,298555;
DB;Select Java in memory;108000;1000;125,290413;
DB;Select Java in memory;109000;1000;132,736445;
DB;Select Java in memory;110000;1000;129,281446;
DB;Select Java in memory;111000;1000;142,669465;
DB;Select Java in memory;112000;1000;143,897509;
DB;Select Java in memory;113000;1000;158,257249;
DB;Select Java in memory;114000;1000;153,556760;
DB;Select Java in memory;115000;1000;138,585194;
DB;Select Java in memory;116000;1000;135,494082;
DB;Select Java in memory;117000;1000;146,591130;
DB;Select Java in memory;118000;1000;150,529174;
DB;Select Java in memory;119000;1000;147,325108;
DB;Select Java in memory;120000;1000;152,696628;
DB;Select Java in memory;121000;1000;154,196392;
DB;Select Java in memory;122000;1000;139,409393;
DB;Select Java in memory;123000;1000;165,324437;
DB;Select Java in memory;124000;1000;157,716069;
DB;Select Java in memory;125000;1000;138,759500;
DB;Select Java in memory;126000;1000;147,423787;
DB;Select Java in memory;127000;1000;149,215352;
DB;Select Java in memory;128000;1000;154,847802;
DB;Select Java in memory;129000;1000;143,525187;
DB;Select Java in memory;130000;1000;157,896277;
DB;Select Java in memory;131000;1000;159,399580;
DB;Select Java in memory;132000;1000;162,999352;
DB;Select Java in memory;133000;1000;145,644908;
DB;Select Java in memory;134000;1000;149,602706;
DB;Select Java in memory;135000;1000;150,567616;
DB;Select Java in memory;136000;1000;171,304983;
DB;Select Java in memory;137000;1000;157,170856;
DB;Select Java in memory;138000;1000;151,279463;
DB;Select Java in memory;139000;1000;141,777594;
DB;Select Java in memory;140000;1000;164,643750;
DB;Select Java in memory;141000;1000;157,725788;
DB;Select Java in memory;142000;1000;160,433662;
DB;Select Java in memory;143000;1000;140,283679;
DB;Select Java in memory;144000;1000;161,495543;
DB;Select Java in memory;145000;1000;157,119119;
DB;Select Java in memory;146000;1000;159,822891;
DB;Select Java in memory;147000;1000;167,307849;
DB;Select Java in memory;148000;1000;147,652067;
DB;Select Java in memory;149000;1000;161,264176;
DB;Select Java in memory;150000;1000;156,331921;
DB;Select Java in memory;151000;1000;176,288828;
DB;Select Java in memory;152000;1000;170,810609;
DB;Select Java in memory;153000;1000;164,412200;
DB;Select Java in memory;154000;1000;160,731290;
DB;Select Java in memory;155000;1000;178,968596;
DB;Select Java in memory;156000;1000;158,171398;
DB;Select Java in memory;157000;1000;164,700204;
DB;Select Java in memory;158000;1000;156,581597;
DB;Select Java in memory;159000;1000;159,879196;
DB;Select Java in memory;160000;1000;172,977187;
DB;Select Java in memory;161000;1000;171,924894;
DB;Select Java in memory;162000;1000;170,198845;
DB;Select Java in memory;163000;1000;169,629852;
DB;Select Java in memory;164000;1000;173,521521;
DB;Select Java in memory;165000;1000;168,673040;
DB;Select Java in memory;166000;1000;177,367318;
DB;Select Java in memory;167000;1000;169,428438;
DB;Select Java in memory;168000;1000;168,627276;
DB;Select Java in memory;169000;1000;180,286812;
DB;Select Java in memory;170000;1000;173,304924;
DB;Select Java in memory;171000;1000;178,786083;
DB;Select Java in memory;172000;1000;186,550950;
DB;Select Java in memory;173000;1000;173,802738;
DB;Select Java in memory;174000;1000;172,663192;
DB;Select Java in memory;175000;1000;182,230051;
DB;Select Java in memory;176000;1000;181,695544;
DB;Select Java in memory;177000;1000;182,334526;
DB;Select Java in memory;178000;1000;178,431566;
DB;Select Java in memory;179000;1000;183,721230;
DB;Select Java in memory;180000;1000;174,541240;
DB;Select Java in memory;181000;1000;180,690241;
DB;Select Java in memory;182000;1000;181,937406;
DB;Select Java in memory;183000;1000;191,106275;
DB;Select Java in memory;184000;1000;181,680062;
DB;Select Java in memory;185000;1000;178,659423;
DB;Select Java in memory;186000;1000;178,393842;
DB;Select Java in memory;187000;1000;185,021904;
DB;Select Java in memory;188000;1000;192,494097;
DB;Select Java in memory;189000;1000;205,465236;
DB;Select Java in memory;190000;1000;174,673698;
DB;Select Java in memory;191000;1000;188,860238;
DB;Select Java in memory;192000;1000;192,477275;
DB;Select Java in memory;193000;1000;185,381636;
DB;Select Java in memory;194000;1000;189,309494;
DB;Select Java in memory;195000;1000;198,803458;
DB;Select Java in memory;196000;1000;202,105000;
DB;Select Java in memory;197000;1000;194,272957;
DB;Select Java in memory;198000;1000;198,075959;
DB;Select Java in memory;199000;1000;199,371662;
DB;Select Java in memory;200000;1000;206,868812;
DB;Select Java in memory;201000;1000;187,506475;
DB;Select Java in memory;202000;1000;196,181445;
DB;Select Java in memory;203000;1000;202,292498;
DB;Select Java in memory;204000;1000;188,372093;
DB;Select Java in memory;205000;1000;209,848428;
DB;Select Java in memory;206000;1000;206,041851;
DB;Select Java in memory;207000;1000;199,857601;
DB;Select Java in memory;208000;1000;202,069335;
DB;Select Java in memory;209000;1000;208,889775;
DB;Select Java in memory;210000;1000;183,993507;
DB;Select Java in memory;211000;1000;196,018302;
DB;Select Java in memory;212000;1000;198,465824;
DB;Select Java in memory;213000;1000;190,524734;
DB;Select Java in memory;214000;1000;206,867411;
DB;Select Java in memory;215000;1000;198,611702;
DB;Select Java in memory;216000;1000;194,144030;
DB;Select Java in memory;217000;1000;195,628994;
DB;Select Java in memory;218000;1000;207,675722;
DB;Select Java in memory;219000;1000;203,812816;
DB;Select Java in memory;220000;1000;201,798264;
DB;Select Java in memory;221000;1000;198,998676;
DB;Select Java in memory;222000;1000;208,829563;
DB;Select Java in memory;223000;1000;211,682428;
DB;Select Java in memory;224000;1000;206,912899;
DB;Select Java in memory;225000;1000;202,637448;
DB;Select Java in memory;226000;1000;205,530119;
DB;Select Java in memory;227000;1000;195,071386;
DB;Select Java in memory;228000;1000;191,084150;
DB;Select Java in memory;229000;1000;212,434750;
DB;Select Java in memory;230000;1000;189,090416;
DB;Select Java in memory;231000;1000;208,455571;
DB;Select Java in memory;232000;1000;209,759343;
DB;Select Java in memory;233000;1000;207,070081;
DB;Select Java in memory;234000;1000;209,126736;
DB;Select Java in memory;235000;1000;201,361662;
DB;Select Java in memory;236000;1000;197,888744;
DB;Select Java in memory;237000;1000;200,204415;
DB;Select Java in memory;238000;1000;202,532232;
DB;Select Java in memory;239000;1000;197,167446;
DB;Select Java in memory;240000;1000;195,369436;
DB;Select Java in memory;241000;1000;201,610573;
DB;Select Java in memory;242000;1000;203,372942;
DB;Select Java in memory;243000;1000;192,040770;
DB;Select Java in memory;244000;1000;207,114635;
DB;Select Java in memory;245000;1000;201,625359;
DB;Select Java in memory;246000;1000;210,731043;
DB;Select Java in memory;247000;1000;193,809181;
DB;Select Java in memory;248000;1000;203,053697;
DB;Select Java in memory;249000;1000;202,245277;
DB;Select Java in memory;250000;1000;204,252698;