DB;Select Java in memory;100;0;294,788489;
DB;Select Java in memory;1000;0;395,770962;
DB;Select Java in memory;2000;0;495,021383;
DB;Select Java in memory;3000;0;583,312593;
DB;Select Java in memory;4000;0;637,247729;
DB;Select Java in memory;5000;0;733,523118;
DB;Select Java in memory;6000;0;836,020810;
DB;Select Java in memory;7000;0;948,187829;
DB;Select Java in memory;8000;0;995,312118;
DB;Select Java in memory;9000;0;1096,648554;
DB;Select Java in memory;10000;0;1181,626185;
DB;Select Java in memory;11000;0;1276,013117;
DB;Select Java in memory;12000;0;1397,995382;
DB;Select Java in memory;13000;0;1471,949403;
DB;Select Java in memory;14000;0;1551,189220;
DB;Select Java in memory;15000;0;1642,471701;
DB;Select Java in memory;16000;0;1717,163324;
DB;Select Java in memory;17000;0;1819,830927;
DB;Select Java in memory;18000;0;1887,318550;
DB;Select Java in memory;19000;0;2008,440627;
DB;Select Java in memory;20000;0;2080,815478;
DB;Select Java in memory;21000;0;2162,889541;
DB;Select Java in memory;22000;0;2288,051684;
DB;Select Java in memory;23000;0;2373,653185;
DB;Select Java in memory;24000;0;2473,115976;
DB;Select Java in memory;25000;0;2562,010368;
DB;Select Java in memory;26000;0;2688,811347;
DB;Select Java in memory;27000;0;2746,807675;
DB;Select Java in memory;28000;0;2851,572083;
DB;Select Java in memory;29000;0;2952,013643;
DB;Select Java in memory;30000;0;3021,507710;
DB;Select Java in memory;31000;0;3132,879985;
DB;Select Java in memory;32000;0;3203,968791;
DB;Select Java in memory;33000;0;3346,106284;
DB;Select Java in memory;34000;0;3405,250076;
DB;Select Java in memory;35000;0;3527,052892;
DB;Select Java in memory;36000;0;3615,717744;
DB;Select Java in memory;37000;0;3680,062725;
DB;Select Java in memory;38000;0;3821,909995;
DB;Select Java in memory;39000;0;3882,087763;
DB;Select Java in memory;40000;0;3998,720242;
DB;Select Java in memory;41000;0;4082,333720;
DB;Select Java in memory;42000;0;4164,812715;
DB;Select Java in memory;43000;0;4248,503211;
DB;Select Java in memory;44000;0;4345,085805;
DB;Select Java in memory;45000;0;4422,031902;
DB;Select Java in memory;46000;0;4531,883366;
DB;Select Java in memory;47000;0;4652,323805;
DB;Select Java in memory;48000;0;4698,566080;
DB;Select Java in memory;49000;0;4758,779358;
DB;Select Java in memory;50000;0;4815,459852;
DB;Select Java in memory;51000;0;4822,627707;
DB;Select Java in memory;52000;0;5065,975784;
DB;Select Java in memory;53000;0;5096,558076;
DB;Select Java in memory;54000;0;5268,919860;
DB;Select Java in memory;55000;0;5344,051962;
DB;Select Java in memory;56000;0;5476,016376;
DB;Select Java in memory;57000;0;5387,200181;
DB;Select Java in memory;58000;0;5633,059462;
DB;Select Java in memory;59000;0;5710,018621;
DB;Select Java in memory;60000;0;5686,509152;
DB;Select Java in memory;61000;0;5857,480822;
DB;Select Java in memory;62000;0;5952,726079;
DB;Select Java in memory;63000;0;6043,372003;
DB;Select Java in memory;64000;0;6151,296510;
DB;Select Java in memory;65000;0;6329,600970;
DB;Select Java in memory;66000;0;6298,686195;
DB;Select Java in memory;67000;0;6376,157991;
DB;Select Java in memory;68000;0;6513,922420;
DB;Select Java in memory;69000;0;6648,886721;
DB;Select Java in memory;70000;0;6680,927790;
DB;Select Java in memory;71000;0;6797,793110;
DB;Select Java in memory;72000;0;6817,246553;
DB;Select Java in memory;73000;0;6989,208460;
DB;Select Java in memory;74000;0;7056,675278;
DB;Select Java in memory;75000;0;7198,878991;
DB;Select Java in memory;76000;0;7284,885228;
DB;Select Java in memory;77000;0;7415,981455;
DB;Select Java in memory;78000;0;7385,330141;
DB;Select Java in memory;79000;0;7601,262026;
DB;Select Java in memory;80000;0;7678,464630;
DB;Select Java in memory;81000;0;7760,796057;
DB;Select Java in memory;82000;0;7790,115150;
DB;Select Java in memory;83000;0;7875,821754;
DB;Select Java in memory;84000;0;7982,355439;
DB;Select Java in memory;85000;0;8104,072696;
DB;Select Java in memory;86000;0;8285,258200;
DB;Select Java in memory;87000;0;8271,769629;
DB;Select Java in memory;88000;0;8367,668866;
DB;Select Java in memory;89000;0;8487,030133;
DB;Select Java in memory;90000;0;8674,796267;
DB;Select Java in memory;91000;0;8650,598396;
DB;Select Java in memory;92000;0;8808,608259;
DB;Select Java in memory;93000;0;8844,505254;
DB;Select Java in memory;94000;0;9026,521638;
DB;Select Java in memory;95000;0;9010,323468;
DB;Select Java in memory;96000;0;9261,194353;
DB;Select Java in memory;97000;0;9247,193981;
DB;Select Java in memory;98000;0;9341,996234;
DB;Select Java in memory;99000;0;9432,948477;
DB;Select Java in memory;100000;0;9523,654072;
DB;Select Java in memory;101000;0;9613,842995;
DB;Select Java in memory;102000;0;9708,396096;
DB;Select Java in memory;103000;0;9879,303301;
DB;Select Java in memory;104000;0;9931,631163;
DB;Select Java in memory;105000;0;10042,204734;
DB;Select Java in memory;106000;0;10143,752770;
DB;Select Java in memory;107000;0;10280,324627;
DB;Select Java in memory;108000;0;10289,889894;
DB;Select Java in memory;109000;0;10407,137612;
DB;Select Java in memory;110000;0;10529,927566;
DB;Select Java in memory;111000;0;10575,639947;
DB;Select Java in memory;112000;0;10662,846817;
DB;Select Java in memory;113000;0;10816,783340;
DB;Select Java in memory;114000;0;10940,678843;
DB;Select Java in memory;115000;0;11042,955087;
DB;Select Java in memory;116000;0;11113,780770;
DB;Select Java in memory;117000;0;11226,690454;
DB;Select Java in memory;118000;0;11283,371610;
DB;Select Java in memory;119000;0;11366,236083;
DB;Select Java in memory;120000;0;11494,631299;
DB;Select Java in memory;121000;0;11583,185441;
DB;Select Java in memory;122000;0;11686,552464;
DB;Select Java in memory;123000;0;11708,214107;
DB;Select Java in memory;124000;0;11875,128555;
DB;Select Java in memory;125000;0;11914,554360;
DB;Select Java in memory;126000;0;12057,927994;
DB;Select Java in memory;127000;0;12119,428995;
DB;Select Java in memory;128000;0;12208,264532;
DB;Select Java in memory;129000;0;12292,253704;
DB;Select Java in memory;130000;0;12460,193923;
DB;Select Java in memory;131000;0;12569,232273;
DB;Select Java in memory;132000;0;12653,310591;
DB;Select Java in memory;133000;0;12603,109350;
DB;Select Java in memory;134000;0;12748,444391;
DB;Select Java in memory;135000;0;12901,868956;
DB;Select Java in memory;136000;0;12985,706630;
DB;Select Java in memory;137000;0;12995,431966;
DB;Select Java in memory;138000;0;13197,638503;
DB;Select Java in memory;139000;0;13283,509957;
DB;Select Java in memory;140000;0;13339,316542;
DB;Select Java in memory;141000;0;13490,079462;
DB;Select Java in memory;142000;0;13498,167365;
DB;Select Java in memory;143000;0;13609,651268;
DB;Select Java in memory;144000;0;13655,806904;
DB;Select Java in memory;145000;0;13870,952988;
DB;Select Java in memory;146000;0;13908,933181;
DB;Select Java in memory;147000;0;13973,214864;
DB;Select Java in memory;148000;0;14133,841009;
DB;Select Java in memory;149000;0;14145,446090;
DB;Select Java in memory;150000;0;14348,909387;
DB;Select Java in memory;151000;0;14437,201223;
DB;Select Java in memory;152000;0;14513,971293;
DB;Select Java in memory;153000;0;14550,500747;
DB;Select Java in memory;154000;0;14654,824875;
DB;Select Java in memory;155000;0;14779,012883;
DB;Select Java in memory;156000;0;14771,394537;
DB;Select Java in memory;157000;0;14923,885440;
DB;Select Java in memory;158000;0;15017,938623;
DB;Select Java in memory;159000;0;15061,244884;
DB;Select Java in memory;160000;0;15173,715551;
DB;Select Java in memory;161000;0;15289,519157;
DB;Select Java in memory;162000;0;15443,681246;
DB;Select Java in memory;163000;0;15468,262977;
DB;Select Java in memory;164000;0;15660,116102;
DB;Select Java in memory;165000;0;15703,627066;
DB;Select Java in memory;166000;0;15679,145700;
DB;Select Java in memory;167000;0;15783,785566;
DB;Select Java in memory;168000;0;15897,973335;
DB;Select Java in memory;169000;0;15956,105181;
DB;Select Java in memory;170000;0;16137,726803;
DB;Select Java in memory;171000;0;16185,894883;
DB;Select Java in memory;172000;0;16332,647319;
DB;Select Java in memory;173000;0;16335,843839;
DB;Select Java in memory;174000;0;16384,607416;
DB;Select Java in memory;175000;0;16603,687457;
DB;Select Java in memory;176000;0;16626,929235;
DB;Select Java in memory;177000;0;16708,409645;
DB;Select Java in memory;178000;0;16813,842073;
DB;Select Java in memory;179000;0;16853,594530;
DB;Select Java in memory;180000;0;16924,703147;
DB;Select Java in memory;181000;0;17068,529972;
DB;Select Java in memory;182000;0;17144,652439;
DB;Select Java in memory;183000;0;17320,506215;
DB;Select Java in memory;184000;0;17324,060063;
DB;Select Java in memory;185000;0;17347,950112;
DB;Select Java in memory;186000;0;17441,657162;
DB;Select Java in memory;187000;0;17611,805014;
DB;Select Java in memory;188000;0;17741,664788;
DB;Select Java in memory;189000;0;17813,699070;
DB;Select Java in memory;190000;0;17898,154932;
DB;Select Java in memory;191000;0;17918,076782;
DB;Select Java in memory;192000;0;18233,543309;
DB;Select Java in memory;193000;0;18270,595311;
DB;Select Java in memory;194000;0;18192,477751;
DB;Select Java in memory;195000;0;18355,470728;
DB;Select Java in memory;196000;0;18502,032457;
DB;Select Java in memory;197000;0;18586,776579;
DB;Select Java in memory;198000;0;18630,780831;
DB;Select Java in memory;199000;0;18620,331398;
DB;Select Java in memory;200000;0;18827,676394;
DB;Select Java in memory;201000;0;18880,955138;
DB;Select Java in memory;202000;0;19062,648324;
DB;Select Java in memory;203000;0;19165,552284;
DB;Select Java in memory;204000;0;19105,010328;
DB;Select Java in memory;205000;0;19221,561500;
DB;Select Java in memory;206000;0;19435,350771;
DB;Select Java in memory;207000;0;19509,784071;
DB;Select Java in memory;208000;0;19580,583030;
DB;Select Java in memory;209000;0;19769,660285;
DB;Select Java in memory;210000;0;19778,700562;
DB;Select Java in memory;211000;0;19886,268597;
DB;Select Java in memory;212000;0;19895,669162;
DB;Select Java in memory;213000;0;20053,819939;
DB;Select Java in memory;214000;0;20158,180371;
DB;Select Java in memory;215000;0;20129,467615;
DB;Select Java in memory;216000;0;20345,533158;
DB;Select Java in memory;217000;0;20395,039581;
DB;Select Java in memory;218000;0;20565,601736;
DB;Select Java in memory;219000;0;20687,078722;
DB;Select Java in memory;220000;0;20755,677755;
DB;Select Java in memory;221000;0;20936,772628;
DB;Select Java in memory;222000;0;20987,870720;
DB;Select Java in memory;223000;0;21222,394936;
DB;Select Java in memory;224000;0;21137,777792;
DB;Select Java in memory;225000;0;21316,062034;
DB;Select Java in memory;226000;0;21412,597748;
DB;Select Java in memory;227000;0;21537,525174;
DB;Select Java in memory;228000;0;21587,959962;
DB;Select Java in memory;229000;0;21719,903624;
DB;Select Java in memory;230000;0;21793,323875;
DB;Select Java in memory;231000;0;22009,567777;
DB;Select Java in memory;232000;0;22071,823686;
DB;Select Java in memory;233000;0;22153,801206;
DB;Select Java in memory;234000;0;22273,123586;
DB;Select Java in memory;235000;0;22360,139446;
DB;Select Java in memory;236000;0;22470,139083;
DB;Select Java in memory;237000;0;22600,167397;
DB;Select Java in memory;238000;0;22627,440615;
DB;Select Java in memory;239000;0;22784,166631;
DB;Select Java in memory;240000;0;22958,640941;
DB;Select Java in memory;241000;0;22996,940588;
DB;Select Java in memory;242000;0;23161,464195;
DB;Select Java in memory;243000;0;23263,520806;
DB;Select Java in memory;244000;0;23351,489749;
DB;Select Java in memory;245000;0;23511,244647;
DB;Select Java in memory;246000;0;23587,734489;
DB;Select Java in memory;247000;0;23751,507276;
DB;Select Java in memory;248000;0;23854,850930;
DB;Select Java in memory;249000;0;24037,520937;
DB;Select Java in memory;250000;0;24193,509586;

DB;Select Java in memory;100;1;88,421623;
DB;Select Java in memory;1000;1;98,539028;
DB;Select Java in memory;2000;1;106,471918;
DB;Select Java in memory;3000;1;154,618082;
DB;Select Java in memory;4000;1;124,299129;
DB;Select Java in memory;5000;1;137,560834;
DB;Select Java in memory;6000;1;143,567202;
DB;Select Java in memory;7000;1;160,642119;
DB;Select Java in memory;8000;1;161,985804;
DB;Select Java in memory;9000;1;172,093849;
DB;Select Java in memory;10000;1;206,143075;
DB;Select Java in memory;11000;1;204,563623;
DB;Select Java in memory;12000;1;178,982040;
DB;Select Java in memory;13000;1;200,237875;
DB;Select Java in memory;14000;1;239,048820;
DB;Select Java in memory;15000;1;242,067863;
DB;Select Java in memory;16000;1;247,559572;
DB;Select Java in memory;17000;1;235,476808;
DB;Select Java in memory;18000;1;247,287461;
DB;Select Java in memory;19000;1;270,322475;
DB;Select Java in memory;20000;1;299,508163;
DB;Select Java in memory;21000;1;299,560690;
DB;Select Java in memory;22000;1;307,018244;
DB;Select Java in memory;23000;1;330,068278;
DB;Select Java in memory;24000;1;335,393942;
DB;Select Java in memory;25000;1;347,380414;
DB;Select Java in memory;26000;1;342,495644;
DB;Select Java in memory;27000;1;336,843552;
DB;Select Java in memory;28000;1;363,380464;
DB;Select Java in memory;29000;1;373,178696;
DB;Select Java in memory;30000;1;392,302113;
DB;Select Java in memory;31000;1;377,419669;
DB;Select Java in memory;32000;1;416,026829;
DB;Select Java in memory;33000;1;438,600050;
DB;Select Java in memory;34000;1;430,645025;
DB;Select Java in memory;35000;1;456,639650;
DB;Select Java in memory;36000;1;460,764803;
DB;Select Java in memory;37000;1;457,170033;
DB;Select Java in memory;38000;1;452,276738;
DB;Select Java in memory;39000;1;484,299985;
DB;Select Java in memory;40000;1;496,508106;
DB;Select Java in memory;41000;1;489,096484;
DB;Select Java in memory;42000;1;490,308554;
DB;Select Java in memory;43000;1;491,316673;
DB;Select Java in memory;44000;1;505,693917;
DB;Select Java in memory;45000;1;522,805719;
DB;Select Java in memory;46000;1;553,628457;
DB;Select Java in memory;47000;1;551,404367;
DB;Select Java in memory;48000;1;537,300862;
DB;Select Java in memory;49000;1;555,071404;
DB;Select Java in memory;50000;1;566,706121;
DB;Select Java in memory;51000;1;586,116272;
DB;Select Java in memory;52000;1;612,936485;
DB;Select Java in memory;53000;1;602,796395;
DB;Select Java in memory;54000;1;593,430265;
DB;Select Java in memory;55000;1;618,400871;
DB;Select Java in memory;56000;1;615,221661;
DB;Select Java in memory;57000;1;614,608123;
DB;Select Java in memory;58000;1;647,916364;
DB;Select Java in memory;59000;1;650,429703;
DB;Select Java in memory;60000;1;664,463577;
DB;Select Java in memory;61000;1;676,736865;
DB;Select Java in memory;62000;1;687,059202;
DB;Select Java in memory;63000;1;712,124850;
DB;Select Java in memory;64000;1;693,677360;
DB;Select Java in memory;65000;1;706,087561;
DB;Select Java in memory;66000;1;709,640384;
DB;Select Java in memory;67000;1;726,325550;
DB;Select Java in memory;68000;1;736,731347;
DB;Select Java in memory;69000;1;737,909671;
DB;Select Java in memory;70000;1;759,842418;
DB;Select Java in memory;71000;1;739,428878;
DB;Select Java in memory;72000;1;763,740453;
DB;Select Java in memory;73000;1;782,982638;
DB;Select Java in memory;74000;1;771,614117;
DB;Select Java in memory;75000;1;799,655186;
DB;Select Java in memory;76000;1;818,007354;
DB;Select Java in memory;77000;1;811,604298;
DB;Select Java in memory;78000;1;831,858250;
DB;Select Java in memory;79000;1;839,555946;
DB;Select Java in memory;80000;1;836,682516;
DB;Select Java in memory;81000;1;866,958183;
DB;Select Java in memory;82000;1;850,773099;
DB;Select Java in memory;83000;1;861,074520;
DB;Select Java in memory;84000;1;872,681116;
DB;Select Java in memory;85000;1;895,295037;
DB;Select Java in memory;86000;1;885,502840;
DB;Select Java in memory;87000;1;909,026097;
DB;Select Java in memory;88000;1;927,367514;
DB;Select Java in memory;89000;1;902,087712;
DB;Select Java in memory;90000;1;929,913778;
DB;Select Java in memory;91000;1;948,351168;
DB;Select Java in memory;92000;1;961,335266;
DB;Select Java in memory;93000;1;970,744705;
DB;Select Java in memory;94000;1;955,162252;
DB;Select Java in memory;95000;1;974,255597;
DB;Select Java in memory;96000;1;975,233506;
DB;Select Java in memory;97000;1;1008,528721;
DB;Select Java in memory;98000;1;986,649268;
DB;Select Java in memory;99000;1;1004,595066;
DB;Select Java in memory;100000;1;1023,850426;
DB;Select Java in memory;101000;1;1598,633252;
DB;Select Java in memory;102000;1;1119,017922;
DB;Select Java in memory;103000;1;803,210466;
DB;Select Java in memory;104000;1;540,088597;
DB;Select Java in memory;105000;1;707,191284;
DB;Select Java in memory;106000;1;1414,276579;
DB;Select Java in memory;107000;1;945,009200;
DB;Select Java in memory;108000;1;674,386678;
DB;Select Java in memory;109000;1;1298,636256;
DB;Select Java in memory;110000;1;780,364159;
DB;Select Java in memory;111000;1;1173,735765;
DB;Select Java in memory;112000;1;1083,077283;
DB;Select Java in memory;113000;1;1036,574398;
DB;Select Java in memory;114000;1;1249,638769;
DB;Select Java in memory;115000;1;981,486383;
DB;Select Java in memory;116000;1;1410,784888;
DB;Select Java in memory;117000;1;753,674524;
DB;Select Java in memory;118000;1;1051,768023;
DB;Select Java in memory;119000;1;943,670089;
DB;Select Java in memory;120000;1;1205,694586;
DB;Select Java in memory;121000;1;1323,613200;
DB;Select Java in memory;122000;1;1285,871287;
DB;Select Java in memory;123000;1;1471,447200;
DB;Select Java in memory;124000;1;1051,328002;
DB;Select Java in memory;125000;1;1431,797564;
DB;Select Java in memory;126000;1;1295,991614;
DB;Select Java in memory;127000;1;890,024675;
DB;Select Java in memory;128000;1;1491,609660;
DB;Select Java in memory;129000;1;1335,196310;
DB;Select Java in memory;130000;1;1337,727177;
DB;Select Java in memory;131000;1;1552,496938;
DB;Select Java in memory;132000;1;894,989045;
DB;Select Java in memory;133000;1;1138,518840;
DB;Select Java in memory;134000;1;1847,691761;
DB;Select Java in memory;135000;1;1466,041807;
DB;Select Java in memory;136000;1;1730,390965;
DB;Select Java in memory;137000;1;1229,478052;
DB;Select Java in memory;138000;1;1793,473186;
DB;Select Java in memory;139000;1;1666,876667;
DB;Select Java in memory;140000;1;1720,401158;
DB;Select Java in memory;141000;1;1271,381719;
DB;Select Java in memory;142000;1;1194,320322;
DB;Select Java in memory;143000;1;2017,184361;
DB;Select Java in memory;144000;1;1749,271346;
DB;Select Java in memory;145000;1;1315,125176;
DB;Select Java in memory;146000;1;1526,177578;
DB;Select Java in memory;147000;1;1667,171148;
DB;Select Java in memory;148000;1;1761,626430;
DB;Select Java in memory;149000;1;1440,521997;
DB;Select Java in memory;150000;1;960,606228;
DB;Select Java in memory;151000;1;1818,878670;
DB;Select Java in memory;152000;1;1225,239778;
DB;Select Java in memory;153000;1;1582,563578;
DB;Select Java in memory;154000;1;2331,870119;
DB;Select Java in memory;155000;1;1793,766180;
DB;Select Java in memory;156000;1;2139,668635;
DB;Select Java in memory;157000;1;2057,598223;
DB;Select Java in memory;158000;1;2172,690620;
DB;Select Java in memory;159000;1;1686,084292;
DB;Select Java in memory;160000;1;1532,718487;
DB;Select Java in memory;161000;1;2157,117806;
DB;Select Java in memory;162000;1;2130,942249;
DB;Select Java in memory;163000;1;1767,633042;
DB;Select Java in memory;164000;1;1941,727167;
DB;Select Java in memory;165000;1;2021,466387;
DB;Select Java in memory;166000;1;1973,890766;
DB;Select Java in memory;167000;1;2068,825941;
DB;Select Java in memory;168000;1;2191,983927;
DB;Select Java in memory;169000;1;1878,386503;
DB;Select Java in memory;170000;1;2132,833481;
DB;Select Java in memory;171000;1;1566,093744;
DB;Select Java in memory;172000;1;1835,574546;
DB;Select Java in memory;173000;1;1983,296132;
DB;Select Java in memory;174000;1;2259,595210;
DB;Select Java in memory;175000;1;1987,780616;
DB;Select Java in memory;176000;1;2667,660952;
DB;Select Java in memory;177000;1;2416,124826;
DB;Select Java in memory;178000;1;1800,794582;
DB;Select Java in memory;179000;1;2672,337585;
DB;Select Java in memory;180000;1;2336,260588;
DB;Select Java in memory;181000;1;2587,154877;
DB;Select Java in memory;182000;1;2126,663918;
DB;Select Java in memory;183000;1;1563,253836;
DB;Select Java in memory;184000;1;2201,276060;
DB;Select Java in memory;185000;1;1961,951925;
DB;Select Java in memory;186000;1;2354,933200;
DB;Select Java in memory;187000;1;2447,091293;
DB;Select Java in memory;188000;1;2090,070776;
DB;Select Java in memory;189000;1;1866,133796;
DB;Select Java in memory;190000;1;2750,527142;
DB;Select Java in memory;191000;1;1707,698683;
DB;Select Java in memory;192000;1;2035,274420;
DB;Select Java in memory;193000;1;2390,255027;
DB;Select Java in memory;194000;1;2851,662556;
DB;Select Java in memory;195000;1;2370,200770;
DB;Select Java in memory;196000;1;2454,084147;
DB;Select Java in memory;197000;1;2194,615872;
DB;Select Java in memory;198000;1;2495,893846;
DB;Select Java in memory;199000;1;2109,833910;
DB;Select Java in memory;200000;1;2262,725851;
DB;Select Java in memory;201000;1;2406,300058;
DB;Select Java in memory;202000;1;2876,452415;
DB;Select Java in memory;203000;1;2566,103833;
DB;Select Java in memory;204000;1;3014,898419;
DB;Select Java in memory;205000;1;2915,427587;
DB;Select Java in memory;206000;1;1998,574292;
DB;Select Java in memory;207000;1;3100,018423;
DB;Select Java in memory;208000;1;2856,238077;
DB;Select Java in memory;209000;1;2752,726750;
DB;Select Java in memory;210000;1;2558,758244;
DB;Select Java in memory;211000;1;2024,179401;
DB;Select Java in memory;212000;1;2373,206144;
DB;Select Java in memory;213000;1;3043,480688;
DB;Select Java in memory;214000;1;2943,041449;
DB;Select Java in memory;215000;1;2589,675775;
DB;Select Java in memory;216000;1;2640,130522;
DB;Select Java in memory;217000;1;3028,141483;
DB;Select Java in memory;218000;1;2428,470678;
DB;Select Java in memory;219000;1;2812,330735;
DB;Select Java in memory;220000;1;2553,489155;
DB;Select Java in memory;221000;1;2530,261273;
DB;Select Java in memory;222000;1;2903,756430;
DB;Select Java in memory;223000;1;2749,893611;
DB;Select Java in memory;224000;1;2598,014863;
DB;Select Java in memory;225000;1;2806,022968;
DB;Select Java in memory;226000;1;3129,289620;
DB;Select Java in memory;227000;1;3523,168119;
DB;Select Java in memory;228000;1;2997,448757;
DB;Select Java in memory;229000;1;3202,600257;
DB;Select Java in memory;230000;1;3314,292663;
DB;Select Java in memory;231000;1;2815,506402;
DB;Select Java in memory;232000;1;3377,767727;
DB;Select Java in memory;233000;1;3330,104285;
DB;Select Java in memory;234000;1;3541,836978;
DB;Select Java in memory;235000;1;3482,372715;
DB;Select Java in memory;236000;1;3582,709870;
DB;Select Java in memory;237000;1;2915,891051;
DB;Select Java in memory;238000;1;3098,861246;
DB;Select Java in memory;239000;1;3575,398622;
DB;Select Java in memory;240000;1;3252,968626;
DB;Select Java in memory;241000;1;3955,411484;
DB;Select Java in memory;242000;1;3462,540412;
DB;Select Java in memory;243000;1;3537,606263;
DB;Select Java in memory;244000;1;3750,388146;
DB;Select Java in memory;245000;1;3804,845332;
DB;Select Java in memory;246000;1;3971,664264;
DB;Select Java in memory;247000;1;3466,897391;
DB;Select Java in memory;248000;1;4091,957924;
DB;Select Java in memory;249000;1;4309,718646;
DB;Select Java in memory;250000;1;3821,647521;

DB;Select Java in memory;100;10;84,022556;
DB;Select Java in memory;1000;10;98,323107;
DB;Select Java in memory;2000;10;89,523215;
DB;Select Java in memory;3000;10;106,143828;
DB;Select Java in memory;4000;10;91,930563;
DB;Select Java in memory;5000;10;101,696257;
DB;Select Java in memory;6000;10;99,255751;
DB;Select Java in memory;7000;10;98,981935;
DB;Select Java in memory;8000;10;104,317782;
DB;Select Java in memory;9000;10;110,231981;
DB;Select Java in memory;10000;10;110,093543;
DB;Select Java in memory;11000;10;116,123908;
DB;Select Java in memory;12000;10;105,596369;
DB;Select Java in memory;13000;10;114,312148;
DB;Select Java in memory;14000;10;103,693565;
DB;Select Java in memory;15000;10;124,582868;
DB;Select Java in memory;16000;10;111,715738;
DB;Select Java in memory;17000;10;104,079532;
DB;Select Java in memory;18000;10;112,003642;
DB;Select Java in memory;19000;10;103,478746;
DB;Select Java in memory;20000;10;110,870853;
DB;Select Java in memory;21000;10;121,785853;
DB;Select Java in memory;22000;10;124,108404;
DB;Select Java in memory;23000;10;139,535240;
DB;Select Java in memory;24000;10;126,976385;
DB;Select Java in memory;25000;10;127,089961;
DB;Select Java in memory;26000;10;142,038534;
DB;Select Java in memory;27000;10;140,100387;
DB;Select Java in memory;28000;10;129,403504;
DB;Select Java in memory;29000;10;141,118661;
DB;Select Java in memory;30000;10;127,097316;
DB;Select Java in memory;31000;10;129,118286;
DB;Select Java in memory;32000;10;154,273108;
DB;Select Java in memory;33000;10;139,826847;
DB;Select Java in memory;34000;10;147,686343;
DB;Select Java in memory;35000;10;138,215905;
DB;Select Java in memory;36000;10;154,916086;
DB;Select Java in memory;37000;10;151,019050;
DB;Select Java in memory;38000;10;155,179807;
DB;Select Java in memory;39000;10;160,716964;
DB;Select Java in memory;40000;10;145,836459;
DB;Select Java in memory;41000;10;169,099781;
DB;Select Java in memory;42000;10;149,563075;
DB;Select Java in memory;43000;10;142,858382;
DB;Select Java in memory;44000;10;133,997056;
DB;Select Java in memory;45000;10;170,577487;
DB;Select Java in memory;46000;10;150,796576;
DB;Select Java in memory;47000;10;160,102270;
DB;Select Java in memory;48000;10;153,275223;
DB;Select Java in memory;49000;10;155,308838;
DB;Select Java in memory;50000;10;164,153982;
DB;Select Java in memory;51000;10;163,803428;
DB;Select Java in memory;52000;10;165,604097;
DB;Select Java in memory;53000;10;155,908619;
DB;Select Java in memory;54000;10;166,181245;
DB;Select Java in memory;55000;10;165,889058;
DB;Select Java in memory;56000;10;167,591219;
DB;Select Java in memory;57000;10;164,177377;
DB;Select Java in memory;58000;10;169,446241;
DB;Select Java in memory;59000;10;160,634790;
DB;Select Java in memory;60000;10;171,521110;
DB;Select Java in memory;61000;10;176,478961;
DB;Select Java in memory;62000;10;169,594897;
DB;Select Java in memory;63000;10;179,324423;
DB;Select Java in memory;64000;10;164,871784;
DB;Select Java in memory;65000;10;176,752895;
DB;Select Java in memory;66000;10;187,888669;
DB;Select Java in memory;67000;10;189,076102;
DB;Select Java in memory;68000;10;181,660865;
DB;Select Java in memory;69000;10;183,967421;
DB;Select Java in memory;70000;10;179,227747;
DB;Select Java in memory;71000;10;156,032571;
DB;Select Java in memory;72000;10;187,710092;
DB;Select Java in memory;73000;10;184,412199;
DB;Select Java in memory;74000;10;172,901257;
DB;Select Java in memory;75000;10;178,565871;
DB;Select Java in memory;76000;10;177,673290;
DB;Select Java in memory;77000;10;188,106144;
DB;Select Java in memory;78000;10;191,342790;
DB;Select Java in memory;79000;10;191,477646;
DB;Select Java in memory;80000;10;195,867503;
DB;Select Java in memory;81000;10;194,560038;
DB;Select Java in memory;82000;10;186,439193;
DB;Select Java in memory;83000;10;196,063744;
DB;Select Java in memory;84000;10;189,531648;
DB;Select Java in memory;85000;10;195,906778;
DB;Select Java in memory;86000;10;205,961449;
DB;Select Java in memory;87000;10;187,474219;
DB;Select Java in memory;88000;10;194,079530;
DB;Select Java in memory;89000;10;205,708892;
DB;Select Java in memory;90000;10;206,101248;
DB;Select Java in memory;91000;10;201,419217;
DB;Select Java in memory;92000;10;203,275036;
DB;Select Java in memory;93000;10;207,386152;
DB;Select Java in memory;94000;10;220,457937;
DB;Select Java in memory;95000;10;208,087727;
DB;Select Java in memory;96000;10;209,859935;
DB;Select Java in memory;97000;10;216,451221;
DB;Select Java in memory;98000;10;212,455332;
DB;Select Java in memory;99000;10;219,346423;
DB;Select Java in memory;100000;10;224,756805;
DB;Select Java in memory;101000;10;217,146576;
DB;Select Java in memory;102000;10;219,528515;
DB;Select Java in memory;103000;10;203,636466;
DB;Select Java in memory;104000;10;228,771398;
DB;Select Java in memory;105000;10;225,551991;
DB;Select Java in memory;106000;10;221,293929;
DB;Select Java in memory;107000;10;212,985896;
DB;Select Java in memory;108000;10;234,832065;
DB;Select Java in memory;109000;10;237,164269;
DB;Select Java in memory;110000;10;224,618229;
DB;Select Java in memory;111000;10;227,957517;
DB;Select Java in memory;112000;10;228,309618;
DB;Select Java in memory;113000;10;221,947214;
DB;Select Java in memory;114000;10;240,420254;
DB;Select Java in memory;115000;10;238,620837;
DB;Select Java in memory;116000;10;232,165751;
DB;Select Java in memory;117000;10;229,880873;
DB;Select Java in memory;118000;10;247,476783;
DB;Select Java in memory;119000;10;227,515754;
DB;Select Java in memory;120000;10;246,309449;
DB;Select Java in memory;121000;10;240,357604;
DB;Select Java in memory;122000;10;243,225286;
DB;Select Java in memory;123000;10;250,087473;
DB;Select Java in memory;124000;10;241,906899;
DB;Select Java in memory;125000;10;258,602516;
DB;Select Java in memory;126000;10;244,878839;
DB;Select Java in memory;127000;10;256,171468;
DB;Select Java in memory;128000;10;254,750198;
DB;Select Java in memory;129000;10;250,092304;
DB;Select Java in memory;130000;10;254,230231;
DB;Select Java in memory;131000;10;261,898337;
DB;Select Java in memory;132000;10;264,799164;
DB;Select Java in memory;133000;10;248,411240;
DB;Select Java in memory;134000;10;259,244109;
DB;Select Java in memory;135000;10;247,381574;
DB;Select Java in memory;136000;10;250,309580;
DB;Select Java in memory;137000;10;268,514490;
DB;Select Java in memory;138000;10;270,701690;
DB;Select Java in memory;139000;10;268,670540;
DB;Select Java in memory;140000;10;275,974425;
DB;Select Java in memory;141000;10;271,668436;
DB;Select Java in memory;142000;10;258,365982;
DB;Select Java in memory;143000;10;273,258810;
DB;Select Java in memory;144000;10;282,429076;
DB;Select Java in memory;145000;10;283,352418;
DB;Select Java in memory;146000;10;278,716882;
DB;Select Java in memory;147000;10;287,733664;
DB;Select Java in memory;148000;10;288,484536;
DB;Select Java in memory;149000;10;276,973642;
DB;Select Java in memory;150000;10;288,591651;
DB;Select Java in memory;151000;10;282,504605;
DB;Select Java in memory;152000;10;271,061034;
DB;Select Java in memory;153000;10;285,945774;
DB;Select Java in memory;154000;10;289,571014;
DB;Select Java in memory;155000;10;286,566055;
DB;Select Java in memory;156000;10;284,036450;
DB;Select Java in memory;157000;10;289,562697;
DB;Select Java in memory;158000;10;301,120249;
DB;Select Java in memory;159000;10;291,793180;
DB;Select Java in memory;160000;10;301,649470;
DB;Select Java in memory;161000;10;297,600101;
DB;Select Java in memory;162000;10;308,509608;
DB;Select Java in memory;163000;10;301,701489;
DB;Select Java in memory;164000;10;305,079398;
DB;Select Java in memory;165000;10;311,908946;
DB;Select Java in memory;166000;10;318,526404;
DB;Select Java in memory;167000;10;305,475383;
DB;Select Java in memory;168000;10;324,580470;
DB;Select Java in memory;169000;10;307,658535;
DB;Select Java in memory;170000;10;327,716296;
DB;Select Java in memory;171000;10;319,336185;
DB;Select Java in memory;172000;10;322,471023;
DB;Select Java in memory;173000;10;321,043218;
DB;Select Java in memory;174000;10;320,717146;
DB;Select Java in memory;175000;10;322,252254;
DB;Select Java in memory;176000;10;314,021333;
DB;Select Java in memory;177000;10;323,151017;
DB;Select Java in memory;178000;10;316,795627;
DB;Select Java in memory;179000;10;334,587581;
DB;Select Java in memory;180000;10;319,948974;
DB;Select Java in memory;181000;10;332,926786;
DB;Select Java in memory;182000;10;330,705985;
DB;Select Java in memory;183000;10;337,483755;
DB;Select Java in memory;184000;10;342,177186;
DB;Select Java in memory;185000;10;325,616650;
DB;Select Java in memory;186000;10;343,450833;
DB;Select Java in memory;187000;10;339,186061;
DB;Select Java in memory;188000;10;334,749039;
DB;Select Java in memory;189000;10;357,208231;
DB;Select Java in memory;190000;10;346,401661;
DB;Select Java in memory;191000;10;351,014609;
DB;Select Java in memory;192000;10;346,931385;
DB;Select Java in memory;193000;10;354,807310;
DB;Select Java in memory;194000;10;340,888679;
DB;Select Java in memory;195000;10;347,913279;
DB;Select Java in memory;196000;10;357,109038;
DB;Select Java in memory;197000;10;364,240598;
DB;Select Java in memory;198000;10;356,590209;
DB;Select Java in memory;199000;10;363,480583;
DB;Select Java in memory;200000;10;364,200073;
DB;Select Java in memory;201000;10;349,478670;
DB;Select Java in memory;202000;10;367,307836;
DB;Select Java in memory;203000;10;355,784535;
DB;Select Java in memory;204000;10;363,877135;
DB;Select Java in memory;205000;10;380,411739;
DB;Select Java in memory;206000;10;379,644813;
DB;Select Java in memory;207000;10;366,020829;
DB;Select Java in memory;208000;10;364,551223;
DB;Select Java in memory;209000;10;365,585734;
DB;Select Java in memory;210000;10;380,759522;
DB;Select Java in memory;211000;10;380,920722;
DB;Select Java in memory;212000;10;362,133223;
DB;Select Java in memory;213000;10;391,650292;
DB;Select Java in memory;214000;10;370,416899;
DB;Select Java in memory;215000;10;369,946722;
DB;Select Java in memory;216000;10;379,261328;
DB;Select Java in memory;217000;10;386,521163;
DB;Select Java in memory;218000;10;379,372186;
DB;Select Java in memory;219000;10;385,117669;
DB;Select Java in memory;220000;10;391,377892;
DB;Select Java in memory;221000;10;391,722281;
DB;Select Java in memory;222000;10;388,034646;
DB;Select Java in memory;223000;10;397,179020;
DB;Select Java in memory;224000;10;386,391943;
DB;Select Java in memory;225000;10;393,860249;
DB;Select Java in memory;226000;10;383,354989;
DB;Select Java in memory;227000;10;397,496501;
DB;Select Java in memory;228000;10;401,492633;
DB;Select Java in memory;229000;10;394,981941;
DB;Select Java in memory;230000;10;389,019273;
DB;Select Java in memory;231000;10;384,099048;
DB;Select Java in memory;232000;10;402,748370;
DB;Select Java in memory;233000;10;393,388323;
DB;Select Java in memory;234000;10;401,421660;
DB;Select Java in memory;235000;10;390,801414;
DB;Select Java in memory;236000;10;406,548966;
DB;Select Java in memory;237000;10;401,251519;
DB;Select Java in memory;238000;10;417,479545;
DB;Select Java in memory;239000;10;415,637986;
DB;Select Java in memory;240000;10;397,552057;
DB;Select Java in memory;241000;10;416,545809;
DB;Select Java in memory;242000;10;412,921622;
DB;Select Java in memory;243000;10;397,330976;
DB;Select Java in memory;244000;10;398,006307;
DB;Select Java in memory;245000;10;421,688583;
DB;Select Java in memory;246000;10;393,806330;
DB;Select Java in memory;247000;10;404,691122;
DB;Select Java in memory;248000;10;404,938083;
DB;Select Java in memory;249000;10;408,165814;
DB;Select Java in memory;250000;10;417,524473;

DB;Select Java in memory;100;100;94,033045;
DB;Select Java in memory;1000;100;88,528824;
DB;Select Java in memory;2000;100;87,386678;
DB;Select Java in memory;3000;100;106,301647;
DB;Select Java in memory;4000;100;77,904956;
DB;Select Java in memory;5000;100;103,353971;
DB;Select Java in memory;6000;100;103,852667;
DB;Select Java in memory;7000;100;100,560331;
DB;Select Java in memory;8000;100;98,104758;
DB;Select Java in memory;9000;100;91,024333;
DB;Select Java in memory;10000;100;105,568148;
DB;Select Java in memory;11000;100;102,293701;
DB;Select Java in memory;12000;100;97,794001;
DB;Select Java in memory;13000;100;95,133952;
DB;Select Java in memory;14000;100;110,128587;
DB;Select Java in memory;15000;100;95,520821;
DB;Select Java in memory;16000;100;105,315071;
DB;Select Java in memory;17000;100;107,644390;
DB;Select Java in memory;18000;100;112,605557;
DB;Select Java in memory;19000;100;97,559844;
DB;Select Java in memory;20000;100;96,448160;
DB;Select Java in memory;21000;100;90,765145;
DB;Select Java in memory;22000;100;100,882022;
DB;Select Java in memory;23000;100;105,861709;
DB;Select Java in memory;24000;100;91,327194;
DB;Select Java in memory;25000;100;104,258681;
DB;Select Java in memory;26000;100;115,037903;
DB;Select Java in memory;27000;100;115,005580;
DB;Select Java in memory;28000;100;113,479033;
DB;Select Java in memory;29000;100;112,945580;
DB;Select Java in memory;30000;100;119,559809;
DB;Select Java in memory;31000;100;106,759531;
DB;Select Java in memory;32000;100;106,916021;
DB;Select Java in memory;33000;100;104,964233;
DB;Select Java in memory;34000;100;112,292199;
DB;Select Java in memory;35000;100;105,246669;
DB;Select Java in memory;36000;100;134,690118;
DB;Select Java in memory;37000;100;115,687709;
DB;Select Java in memory;38000;100;111,361289;
DB;Select Java in memory;39000;100;111,541638;
DB;Select Java in memory;40000;100;105,705806;
DB;Select Java in memory;41000;100;102,421333;
DB;Select Java in memory;42000;100;103,069188;
DB;Select Java in memory;43000;100;104,941370;
DB;Select Java in memory;44000;100;112,362262;
DB;Select Java in memory;45000;100;117,774150;
DB;Select Java in memory;46000;100;119,150163;
DB;Select Java in memory;47000;100;120,333150;
DB;Select Java in memory;48000;100;123,567063;
DB;Select Java in memory;49000;100;130,199057;
DB;Select Java in memory;50000;100;110,909473;
DB;Select Java in memory;51000;100;120,192417;
DB;Select Java in memory;52000;100;101,426322;
DB;Select Java in memory;53000;100;125,949113;
DB;Select Java in memory;54000;100;121,573959;
DB;Select Java in memory;55000;100;116,277521;
DB;Select Java in memory;56000;100;122,497403;
DB;Select Java in memory;57000;100;115,397860;
DB;Select Java in memory;58000;100;122,587944;
DB;Select Java in memory;59000;100;127,858973;
DB;Select Java in memory;60000;100;121,195930;
DB;Select Java in memory;61000;100;123,900440;
DB;Select Java in memory;62000;100;132,452076;
DB;Select Java in memory;63000;100;119,072912;
DB;Select Java in memory;64000;100;124,482968;
DB;Select Java in memory;65000;100;129,922129;
DB;Select Java in memory;66000;100;112,729097;
DB;Select Java in memory;67000;100;120,851685;
DB;Select Java in memory;68000;100;116,087374;
DB;Select Java in memory;69000;100;125,117373;
DB;Select Java in memory;70000;100;129,387598;
DB;Select Java in memory;71000;100;136,812035;
DB;Select Java in memory;72000;100;131,642622;
DB;Select Java in memory;73000;100;126,726844;
DB;Select Java in memory;74000;100;136,048838;
DB;Select Java in memory;75000;100;125,585915;
DB;Select Java in memory;76000;100;126,672205;
DB;Select Java in memory;77000;100;127,161071;
DB;Select Java in memory;78000;100;127,223406;
DB;Select Java in memory;79000;100;138,770606;
DB;Select Java in memory;80000;100;121,021292;
DB;Select Java in memory;81000;100;130,854509;
DB;Select Java in memory;82000;100;114,968510;
DB;Select Java in memory;83000;100;137,890561;
DB;Select Java in memory;84000;100;142,626933;
DB;Select Java in memory;85000;100;120,900262;
DB;Select Java in memory;86000;100;132,629023;
DB;Select Java in memory;87000;100;130,969235;
DB;Select Java in memory;88000;100;136,456903;
DB;Select Java in memory;89000;100;136,211553;
DB;Select Java in memory;90000;100;141,960973;
DB;Select Java in memory;91000;100;120,924225;
DB;Select Java in memory;92000;100;126,152019;
DB;Select Java in memory;93000;100;138,473962;
DB;Select Java in memory;94000;100;134,807641;
DB;Select Java in memory;95000;100;134,151494;
DB;Select Java in memory;96000;100;133,085614;
DB;Select Java in memory;97000;100;128,968523;
DB;Select Java in memory;98000;100;148,513304;
DB;Select Java in memory;99000;100;120,249508;
DB;Select Java in memory;100000;100;130,354582;
DB;Select Java in memory;101000;100;134,740992;
DB;Select Java in memory;102000;100;131,950721;
DB;Select Java in memory;103000;100;132,233927;
DB;Select Java in memory;104000;100;135,068286;
DB;Select Java in memory;105000;100;132,411922;
DB;Select Java in memory;106000;100;143,827124;
DB;Select Java in memory;107000;100;145,675936;
DB;Select Java in memory;108000;100;140,532221;
DB;Select Java in memory;109000;100;139,309742;
DB;Select Java in memory;110000;100;132,050266;
DB;Select Java in memory;111000;100;155,608954;
DB;Select Java in memory;112000;100;139,060015;
DB;Select Java in memory;113000;100;148,424961;
DB;Select Java in memory;114000;100;131,034086;
DB;Select Java in memory;115000;100;153,310582;
DB;Select Java in memory;116000;100;142,414453;
DB;Select Java in memory;117000;100;151,316317;
DB;Select Java in memory;118000;100;143,099048;
DB;Select Java in memory;119000;100;150,063086;
DB;Select Java in memory;120000;100;138,983221;
DB;Select Java in memory;121000;100;154,971043;
DB;Select Java in memory;122000;100;137,499530;
DB;Select Java in memory;123000;100;145,765289;
DB;Select Java in memory;124000;100;148,068700;
DB;Select Java in memory;125000;100;154,231977;
DB;Select Java in memory;126000;100;141,029600;
DB;Select Java in memory;127000;100;147,264067;
DB;Select Java in memory;128000;100;143,289866;
DB;Select Java in memory;129000;100;148,616503;
DB;Select Java in memory;130000;100;145,821507;
DB;Select Java in memory;131000;100;155,825603;
DB;Select Java in memory;132000;100;146,817073;
DB;Select Java in memory;133000;100;150,929608;
DB;Select Java in memory;134000;100;161,037722;
DB;Select Java in memory;135000;100;155,640149;
DB;Select Java in memory;136000;100;148,835714;
DB;Select Java in memory;137000;100;147,039230;
DB;Select Java in memory;138000;100;171,555159;
DB;Select Java in memory;139000;100;157,933037;
DB;Select Java in memory;140000;100;153,992108;
DB;Select Java in memory;141000;100;163,788781;
DB;Select Java in memory;142000;100;162,805057;
DB;Select Java in memory;143000;100;150,067584;
DB;Select Java in memory;144000;100;175,277681;
DB;Select Java in memory;145000;100;159,717797;
DB;Select Java in memory;146000;100;160,974444;
DB;Select Java in memory;147000;100;167,599433;
DB;Select Java in memory;148000;100;160,860321;
DB;Select Java in memory;149000;100;163,988764;
DB;Select Java in memory;150000;100;163,905156;
DB;Select Java in memory;151000;100;149,379853;
DB;Select Java in memory;152000;100;166,876981;
DB;Select Java in memory;153000;100;173,195309;
DB;Select Java in memory;154000;100;175,335302;
DB;Select Java in memory;155000;100;162,785642;
DB;Select Java in memory;156000;100;172,774717;
DB;Select Java in memory;157000;100;169,925415;
DB;Select Java in memory;158000;100;175,635739;
DB;Select Java in memory;159000;100;169,865728;
DB;Select Java in memory;160000;100;165,850597;
DB;Select Java in memory;161000;100;177,964324;
DB;Select Java in memory;162000;100;161,043837;
DB;Select Java in memory;163000;100;166,693044;
DB;Select Java in memory;164000;100;166,574493;
DB;Select Java in memory;165000;100;188,155036;
DB;Select Java in memory;166000;100;186,167417;
DB;Select Java in memory;167000;100;192,330436;
DB;Select Java in memory;168000;100;169,503075;
DB;Select Java in memory;169000;100;165,271060;
DB;Select Java in memory;170000;100;176,982315;
DB;Select Java in memory;171000;100;179,569641;
DB;Select Java in memory;172000;100;182,761311;
DB;Select Java in memory;173000;100;181,320040;
DB;Select Java in memory;174000;100;180,333654;
DB;Select Java in memory;175000;100;172,440116;
DB;Select Java in memory;176000;100;168,262049;
DB;Select Java in memory;177000;100;180,310020;
DB;Select Java in memory;178000;100;191,927229;
DB;Select Java in memory;179000;100;189,249691;
DB;Select Java in memory;180000;100;191,652274;
DB;Select Java in memory;181000;100;190,997274;
DB;Select Java in memory;182000;100;188,479440;
DB;Select Java in memory;183000;100;195,304094;
DB;Select Java in memory;184000;100;189,826995;
DB;Select Java in memory;185000;100;191,213988;
DB;Select Java in memory;186000;100;184,189413;
DB;Select Java in memory;187000;100;205,673608;
DB;Select Java in memory;188000;100;183,824167;
DB;Select Java in memory;189000;100;185,673374;
DB;Select Java in memory;190000;100;193,000251;
DB;Select Java in memory;191000;100;202,420765;
DB;Select Java in memory;192000;100;190,819795;
DB;Select Java in memory;193000;100;199,289960;
DB;Select Java in memory;194000;100;192,928496;
DB;Select Java in memory;195000;100;202,949926;
DB;Select Java in memory;196000;100;198,427949;
DB;Select Java in memory;197000;100;190,050071;
DB;Select Java in memory;198000;100;201,154404;
DB;Select Java in memory;199000;100;208,646693;
DB;Select Java in memory;200000;100;213,390975;
DB;Select Java in memory;201000;100;194,916466;
DB;Select Java in memory;202000;100;210,125465;
DB;Select Java in memory;203000;100;199,973826;
DB;Select Java in memory;204000;100;207,256897;
DB;Select Java in memory;205000;100;197,376161;
DB;Select Java in memory;206000;100;209,038304;
DB;Select Java in memory;207000;100;214,561788;
DB;Select Java in memory;208000;100;213,687048;
DB;Select Java in memory;209000;100;218,448933;
DB;Select Java in memory;210000;100;209,633281;
DB;Select Java in memory;211000;100;194,314822;
DB;Select Java in memory;212000;100;206,223569;
DB;Select Java in memory;213000;100;209,540481;
DB;Select Java in memory;214000;100;214,427875;
DB;Select Java in memory;215000;100;215,089477;
DB;Select Java in memory;216000;100;197,315392;
DB;Select Java in memory;217000;100;201,454135;
DB;Select Java in memory;218000;100;200,252871;
DB;Select Java in memory;219000;100;205,515031;
DB;Select Java in memory;220000;100;211,817302;
DB;Select Java in memory;221000;100;210,980888;
DB;Select Java in memory;222000;100;224,325082;
DB;Select Java in memory;223000;100;207,150286;
DB;Select Java in memory;224000;100;207,873457;
DB;Select Java in memory;225000;100;203,968970;
DB;Select Java in memory;226000;100;225,425244;
DB;Select Java in memory;227000;100;220,755419;
DB;Select Java in memory;228000;100;225,621899;
DB;Select Java in memory;229000;100;224,055148;
DB;Select Java in memory;230000;100;206,929717;
DB;Select Java in memory;231000;100;206,192393;
DB;Select Java in memory;232000;100;217,687523;
DB;Select Java in memory;233000;100;220,572624;
DB;Select Java in memory;234000;100;200,073932;
DB;Select Java in memory;235000;100;212,565260;
DB;Select Java in memory;236000;100;216,082215;
DB;Select Java in memory;237000;100;206,165635;
DB;Select Java in memory;238000;100;215,148012;
DB;Select Java in memory;239000;100;225,157404;
DB;Select Java in memory;240000;100;228,016825;
DB;Select Java in memory;241000;100;211,434881;
DB;Select Java in memory;242000;100;202,120389;
DB;Select Java in memory;243000;100;211,172860;
DB;Select Java in memory;244000;100;203,723179;
DB;Select Java in memory;245000;100;204,855905;
DB;Select Java in memory;246000;100;224,334440;
DB;Select Java in memory;247000;100;210,313517;
DB;Select Java in memory;248000;100;216,746762;
DB;Select Java in memory;249000;100;215,159248;
DB;Select Java in memory;250000;100;206,405908;

DB;Select Java in memory;100;1000;92,473349;
DB;Select Java in memory;1000;1000;89,524389;
DB;Select Java in memory;2000;1000;111,570834;
DB;Select Java in memory;3000;1000;85,829216;
DB;Select Java in memory;4000;1000;113,056538;
DB;Select Java in memory;5000;1000;94,794354;
DB;Select Java in memory;6000;1000;94,092141;
DB;Select Java in memory;7000;1000;96,793396;
DB;Select Java in memory;8000;1000;91,854939;
DB;Select Java in memory;9000;1000;90,323323;
DB;Select Java in memory;10000;1000;99,308004;
DB;Select Java in memory;11000;1000;105,982827;
DB;Select Java in memory;12000;1000;98,476024;
DB;Select Java in memory;13000;1000;107,419585;
DB;Select Java in memory;14000;1000;106,312337;
DB;Select Java in memory;15000;1000;97,955127;
DB;Select Java in memory;16000;1000;102,167623;
DB;Select Java in memory;17000;1000;110,453804;
DB;Select Java in memory;18000;1000;110,110831;
DB;Select Java in memory;19000;1000;108,120591;
DB;Select Java in memory;20000;1000;107,963504;
DB;Select Java in memory;21000;1000;110,672914;
DB;Select Java in memory;22000;1000;99,517509;
DB;Select Java in memory;23000;1000;110,451525;
DB;Select Java in memory;24000;1000;106,536586;
DB;Select Java in memory;25000;1000;105,418485;
DB;Select Java in memory;26000;1000;107,895434;
DB;Select Java in memory;27000;1000;100,207033;
DB;Select Java in memory;28000;1000;107,468596;
DB;Select Java in memory;29000;1000;105,326265;
DB;Select Java in memory;30000;1000;107,410428;
DB;Select Java in memory;31000;1000;107,659404;
DB;Select Java in memory;32000;1000;126,748699;
DB;Select Java in memory;33000;1000;108,659123;
DB;Select Java in memory;34000;1000;108,595765;
DB;Select Java in memory;35000;1000;114,751706;
DB;Select Java in memory;36000;1000;124,098565;
DB;Select Java in memory;37000;1000;108,490010;
DB;Select Java in memory;38000;1000;108,119280;
DB;Select Java in memory;39000;1000;110,940710;
DB;Select Java in memory;40000;1000;109,444741;
DB;Select Java in memory;41000;1000;115,484019;
DB;Select Java in memory;42000;1000;117,487495;
DB;Select Java in memory;43000;1000;109,675491;
DB;Select Java in memory;44000;1000;115,256828;
DB;Select Java in memory;45000;1000;104,707850;
DB;Select Java in memory;46000;1000;112,216470;
DB;Select Java in memory;47000;1000;115,555825;
DB;Select Java in memory;48000;1000;102,947931;
DB;Select Java in memory;49000;1000;132,200969;
DB;Select Java in memory;50000;1000;108,344817;
DB;Select Java in memory;51000;1000;103,359127;
DB;Select Java in memory;52000;1000;122,146319;
DB;Select Java in memory;53000;1000;124,908467;
DB;Select Java in memory;54000;1000;123,126555;
DB;Select Java in memory;55000;1000;103,680267;
DB;Select Java in memory;56000;1000;122,975364;
DB;Select Java in memory;57000;1000;113,166696;
DB;Select Java in memory;58000;1000;123,691620;
DB;Select Java in memory;59000;1000;108,606299;
DB;Select Java in memory;60000;1000;125,745658;
DB;Select Java in memory;61000;1000;110,040506;
DB;Select Java in memory;62000;1000;123,877949;
DB;Select Java in memory;63000;1000;103,279099;
DB;Select Java in memory;64000;1000;107,657079;
DB;Select Java in memory;65000;1000;116,343518;
DB;Select Java in memory;66000;1000;103,678955;
DB;Select Java in memory;67000;1000;136,278541;
DB;Select Java in memory;68000;1000;119,070539;
DB;Select Java in memory;69000;1000;118,171506;
DB;Select Java in memory;70000;1000;119,977575;
DB;Select Java in memory;71000;1000;131,381022;
DB;Select Java in memory;72000;1000;125,628656;
DB;Select Java in memory;73000;1000;123,539858;
DB;Select Java in memory;74000;1000;110,902113;
DB;Select Java in memory;75000;1000;108,954709;
DB;Select Java in memory;76000;1000;123,460206;
DB;Select Java in memory;77000;1000;124,117341;
DB;Select Java in memory;78000;1000;114,975742;
DB;Select Java in memory;79000;1000;111,062402;
DB;Select Java in memory;80000;1000;122,571752;
DB;Select Java in memory;81000;1000;133,379266;
DB;Select Java in memory;82000;1000;114,742550;
DB;Select Java in memory;83000;1000;116,689381;
DB;Select Java in memory;84000;1000;128,165211;
DB;Select Java in memory;85000;1000;116,631049;
DB;Select Java in memory;86000;1000;128,897752;
DB;Select Java in memory;87000;1000;122,933873;
DB;Select Java in memory;88000;1000;118,641411;
DB;Select Java in memory;89000;1000;127,253623;
DB;Select Java in memory;90000;1000;132,685978;
DB;Select Java in memory;91000;1000;127,611024;
DB;Select Java in memory;92000;1000;127,811234;
DB;Select Java in memory;93000;1000;125,902066;
DB;Select Java in memory;94000;1000;125,949367;
DB;Select Java in memory;95000;1000;125,821480;
DB;Select Java in memory;96000;1000;118,801703;
DB;Select Java in memory;97000;1000;134,430569;
DB;Select Java in memory;98000;1000;123,245473;
DB;Select Java in memory;99000;1000;133,809574;
DB;Select Java in memory;100000;1000;117,309901;
DB;Select Java in memory;101000;1000;119,245193;
DB;Select Java in memory;102000;1000;124,771782;
DB;Select Java in memory;103000;1000;125,896581;
DB;Select Java in memory;104000;1000;128,571559;
DB;Select Java in memory;105000;1000;122,158657;
DB;Select Java in memory;106000;1000;135,421496;
DB;Select Java in memory;107000;1000;133,347443;
DB;Select Java in memory;108000;1000;127,368362;
DB;Select Java in memory;109000;1000;134,358298;
DB;Select Java in memory;110000;1000;136,438580;
DB;Select Java in memory;111000;1000;121,951709;
DB;Select Java in memory;112000;1000;142,470663;
DB;Select Java in memory;113000;1000;113,640814;
DB;Select Java in memory;114000;1000;119,253870;
DB;Select Java in memory;115000;1000;135,628306;
DB;Select Java in memory;116000;1000;114,272092;
DB;Select Java in memory;117000;1000;132,072142;
DB;Select Java in memory;118000;1000;139,070065;
DB;Select Java in memory;119000;1000;142,630994;
DB;Select Java in memory;120000;1000;134,082938;
DB;Select Java in memory;121000;1000;119,400332;
DB;Select Java in memory;122000;1000;141,277596;
DB;Select Java in memory;123000;1000;151,289268;
DB;Select Java in memory;124000;1000;136,671309;
DB;Select Java in memory;125000;1000;145,883084;
DB;Select Java in memory;126000;1000;150,678875;
DB;Select Java in memory;127000;1000;149,400937;
DB;Select Java in memory;128000;1000;143,642134;
DB;Select Java in memory;129000;1000;135,955608;
DB;Select Java in memory;130000;1000;140,471388;
DB;Select Java in memory;131000;1000;148,630950;
DB;Select Java in memory;132000;1000;135,607090;
DB;Select Java in memory;133000;1000;139,311399;
DB;Select Java in memory;134000;1000;133,419038;
DB;Select Java in memory;135000;1000;144,753793;
DB;Select Java in memory;136000;1000;147,117591;
DB;Select Java in memory;137000;1000;151,740564;
DB;Select Java in memory;138000;1000;150,683930;
DB;Select Java in memory;139000;1000;138,248723;
DB;Select Java in memory;140000;1000;146,485264;
DB;Select Java in memory;141000;1000;129,778505;
DB;Select Java in memory;142000;1000;154,704319;
DB;Select Java in memory;143000;1000;144,668605;
DB;Select Java in memory;144000;1000;144,756800;
DB;Select Java in memory;145000;1000;136,522213;
DB;Select Java in memory;146000;1000;145,920322;
DB;Select Java in memory;147000;1000;158,339568;
DB;Select Java in memory;148000;1000;142,996366;
DB;Select Java in memory;149000;1000;152,055566;
DB;Select Java in memory;150000;1000;169,006856;
DB;Select Java in memory;151000;1000;160,442830;
DB;Select Java in memory;152000;1000;159,927986;
DB;Select Java in memory;153000;1000;155,328765;
DB;Select Java in memory;154000;1000;152,379474;
DB;Select Java in memory;155000;1000;161,691085;
DB;Select Java in memory;156000;1000;159,962612;
DB;Select Java in memory;157000;1000;150,987137;
DB;Select Java in memory;158000;1000;185,826444;
DB;Select Java in memory;159000;1000;147,721685;
DB;Select Java in memory;160000;1000;159,383087;
DB;Select Java in memory;161000;1000;153,634091;
DB;Select Java in memory;162000;1000;157,791490;
DB;Select Java in memory;163000;1000;163,260317;
DB;Select Java in memory;164000;1000;155,673702;
DB;Select Java in memory;165000;1000;162,240079;
DB;Select Java in memory;166000;1000;167,741658;
DB;Select Java in memory;167000;1000;168,486427;
DB;Select Java in memory;168000;1000;167,467281;
DB;Select Java in memory;169000;1000;173,435887;
DB;Select Java in memory;170000;1000;158,997061;
DB;Select Java in memory;171000;1000;165,061431;
DB;Select Java in memory;172000;1000;172,013685;
DB;Select Java in memory;173000;1000;160,309423;
DB;Select Java in memory;174000;1000;159,127622;
DB;Select Java in memory;175000;1000;156,914353;
DB;Select Java in memory;176000;1000;175,795820;
DB;Select Java in memory;177000;1000;175,568279;
DB;Select Java in memory;178000;1000;173,806094;
DB;Select Java in memory;179000;1000;162,159235;
DB;Select Java in memory;180000;1000;170,028498;
DB;Select Java in memory;181000;1000;185,988188;
DB;Select Java in memory;182000;1000;178,793806;
DB;Select Java in memory;183000;1000;168,171502;
DB;Select Java in memory;184000;1000;187,319950;
DB;Select Java in memory;185000;1000;180,012274;
DB;Select Java in memory;186000;1000;179,301870;
DB;Select Java in memory;187000;1000;167,274621;
DB;Select Java in memory;188000;1000;183,699350;
DB;Select Java in memory;189000;1000;183,737771;
DB;Select Java in memory;190000;1000;183,754577;
DB;Select Java in memory;191000;1000;181,361647;
DB;Select Java in memory;192000;1000;182,054957;
DB;Select Java in memory;193000;1000;168,590483;
DB;Select Java in memory;194000;1000;176,164465;
DB;Select Java in memory;195000;1000;187,373937;
DB;Select Java in memory;196000;1000;190,318325;
DB;Select Java in memory;197000;1000;189,830700;
DB;Select Java in memory;198000;1000;204,742079;
DB;Select Java in memory;199000;1000;177,603072;
DB;Select Java in memory;200000;1000;181,663312;
DB;Select Java in memory;201000;1000;185,664054;
DB;Select Java in memory;202000;1000;177,981444;
DB;Select Java in memory;203000;1000;176,098458;
DB;Select Java in memory;204000;1000;189,179035;
DB;Select Java in memory;205000;1000;187,527925;
DB;Select Java in memory;206000;1000;196,185179;
DB;Select Java in memory;207000;1000;171,824428;
DB;Select Java in memory;208000;1000;184,883967;
DB;Select Java in memory;209000;1000;191,516975;
DB;Select Java in memory;210000;1000;195,141504;
DB;Select Java in memory;211000;1000;194,986879;
DB;Select Java in memory;212000;1000;186,952163;
DB;Select Java in memory;213000;1000;188,820895;
DB;Select Java in memory;214000;1000;187,740388;
DB;Select Java in memory;215000;1000;177,977653;
DB;Select Java in memory;216000;1000;189,349799;
DB;Select Java in memory;217000;1000;201,812084;
DB;Select Java in memory;218000;1000;194,023031;
DB;Select Java in memory;219000;1000;198,637496;
DB;Select Java in memory;220000;1000;200,102185;
DB;Select Java in memory;221000;1000;193,457504;
DB;Select Java in memory;222000;1000;173,346434;
DB;Select Java in memory;223000;1000;183,481257;
DB;Select Java in memory;224000;1000;198,863635;
DB;Select Java in memory;225000;1000;192,317239;
DB;Select Java in memory;226000;1000;174,549119;
DB;Select Java in memory;227000;1000;190,078461;
DB;Select Java in memory;228000;1000;196,728499;
DB;Select Java in memory;229000;1000;180,279541;
DB;Select Java in memory;230000;1000;201,579691;
DB;Select Java in memory;231000;1000;198,863863;
DB;Select Java in memory;232000;1000;195,838048;
DB;Select Java in memory;233000;1000;194,826025;
DB;Select Java in memory;234000;1000;198,738230;
DB;Select Java in memory;235000;1000;197,816114;
DB;Select Java in memory;236000;1000;186,218910;
DB;Select Java in memory;237000;1000;196,161599;
DB;Select Java in memory;238000;1000;187,674028;
DB;Select Java in memory;239000;1000;201,932664;
DB;Select Java in memory;240000;1000;187,310281;
DB;Select Java in memory;241000;1000;182,522384;
DB;Select Java in memory;242000;1000;187,445819;
DB;Select Java in memory;243000;1000;197,851099;
DB;Select Java in memory;244000;1000;195,520929;
DB;Select Java in memory;245000;1000;195,431097;
DB;Select Java in memory;246000;1000;203,242657;
DB;Select Java in memory;247000;1000;198,690246;
DB;Select Java in memory;248000;1000;172,544855;
DB;Select Java in memory;249000;1000;194,493073;
DB;Select Java in memory;250000;1000;196,861462;