JAVA;Select Java in memory;100;0;322,130256
JAVA;Select Java in memory;1000;0;310,712521
JAVA;Select Java in memory;2000;0;339,382979
JAVA;Select Java in memory;3000;0;328,899273
JAVA;Select Java in memory;4000;0;339,942289
JAVA;Select Java in memory;5000;0;394,365021
JAVA;Select Java in memory;6000;0;350,203517
JAVA;Select Java in memory;7000;0;352,089944
JAVA;Select Java in memory;8000;0;344,121514
JAVA;Select Java in memory;9000;0;377,043398
JAVA;Select Java in memory;10000;0;366,00524
JAVA;Select Java in memory;11000;0;341,739336
JAVA;Select Java in memory;12000;0;397,210767
JAVA;Select Java in memory;13000;0;403,084801
JAVA;Select Java in memory;14000;0;398,959217
JAVA;Select Java in memory;15000;0;397,748145
JAVA;Select Java in memory;16000;0;367,898774
JAVA;Select Java in memory;17000;0;429,00752
JAVA;Select Java in memory;18000;0;425,02112
JAVA;Select Java in memory;19000;0;422,168689
JAVA;Select Java in memory;20000;0;442,212401
JAVA;Select Java in memory;21000;0;444,664204
JAVA;Select Java in memory;22000;0;507,973592
JAVA;Select Java in memory;23000;0;502,5436
JAVA;Select Java in memory;24000;0;520,20519
JAVA;Select Java in memory;25000;0;520,352096
JAVA;Select Java in memory;26000;0;506,065533
JAVA;Select Java in memory;27000;0;553,536126
JAVA;Select Java in memory;28000;0;565,549613
JAVA;Select Java in memory;29000;0;567,039219
JAVA;Select Java in memory;30000;0;605,942754
JAVA;Select Java in memory;31000;0;601,92523
JAVA;Select Java in memory;32000;0;611,671756
JAVA;Select Java in memory;33000;0;669,226347
JAVA;Select Java in memory;34000;0;702,622715
JAVA;Select Java in memory;35000;0;698,032672
JAVA;Select Java in memory;36000;0;731,353582
JAVA;Select Java in memory;37000;0;753,60866
JAVA;Select Java in memory;38000;0;739,797028
JAVA;Select Java in memory;39000;0;775,237689
JAVA;Select Java in memory;40000;0;758,340518
JAVA;Select Java in memory;41000;0;763,309783
JAVA;Select Java in memory;42000;0;836,02453
JAVA;Select Java in memory;43000;0;853,499841
JAVA;Select Java in memory;44000;0;864,081455
JAVA;Select Java in memory;45000;0;877,529441
JAVA;Select Java in memory;46000;0;860,542239
JAVA;Select Java in memory;47000;0;870,395512
JAVA;Select Java in memory;48000;0;863,37673
JAVA;Select Java in memory;49000;0;874,101836
JAVA;Select Java in memory;50000;0;912,70075
JAVA;Select Java in memory;51000;0;809,487067
JAVA;Select Java in memory;52000;0;878,282068
JAVA;Select Java in memory;53000;0;995,127971
JAVA;Select Java in memory;54000;0;1011,319819
JAVA;Select Java in memory;55000;0;996,68704
JAVA;Select Java in memory;56000;0;959,899786
JAVA;Select Java in memory;57000;0;1052,038686
JAVA;Select Java in memory;58000;0;1107,517976
JAVA;Select Java in memory;59000;0;1087,579433
JAVA;Select Java in memory;60000;0;1058,519562
JAVA;Select Java in memory;61000;0;1060,853759
JAVA;Select Java in memory;62000;0;1036,548843
JAVA;Select Java in memory;63000;0;1125,662681
JAVA;Select Java in memory;64000;0;1066,693886
JAVA;Select Java in memory;65000;0;1198,61668
JAVA;Select Java in memory;66000;0;1106,109438
JAVA;Select Java in memory;67000;0;1225,466999
JAVA;Select Java in memory;68000;0;1222,958499
JAVA;Select Java in memory;69000;0;1251,119413
JAVA;Select Java in memory;70000;0;1246,00715
JAVA;Select Java in memory;71000;0;1335,559874
JAVA;Select Java in memory;72000;0;1354,103833
JAVA;Select Java in memory;73000;0;1403,242644
JAVA;Select Java in memory;74000;0;1400,856288
JAVA;Select Java in memory;75000;0;1393,637203
JAVA;Select Java in memory;76000;0;1452,732932
JAVA;Select Java in memory;77000;0;1550,048047
JAVA;Select Java in memory;78000;0;1611,562299
JAVA;Select Java in memory;79000;0;1546,806714
JAVA;Select Java in memory;80000;0;1582,694486
JAVA;Select Java in memory;81000;0;1602,768186
JAVA;Select Java in memory;82000;0;1627,171175
JAVA;Select Java in memory;83000;0;1640,823102
JAVA;Select Java in memory;84000;0;1646,310512
JAVA;Select Java in memory;85000;0;1698,312545
JAVA;Select Java in memory;86000;0;1747,506106
JAVA;Select Java in memory;87000;0;1816,153248
JAVA;Select Java in memory;88000;0;1801,539134
JAVA;Select Java in memory;89000;0;1880,931445
JAVA;Select Java in memory;90000;0;1920,600173
JAVA;Select Java in memory;91000;0;1965,301049
JAVA;Select Java in memory;92000;0;1944,115217
JAVA;Select Java in memory;93000;0;2005,204006
JAVA;Select Java in memory;94000;0;2002,841878
JAVA;Select Java in memory;95000;0;2029,065928
JAVA;Select Java in memory;96000;0;1943,452306
JAVA;Select Java in memory;97000;0;2016,747028
JAVA;Select Java in memory;98000;0;2170,47909
JAVA;Select Java in memory;99000;0;2163,811063
JAVA;Select Java in memory;100000;0;2169,924011
JAVA;Select Java in memory;101000;0;2217,751171
JAVA;Select Java in memory;102000;0;2253,721437
JAVA;Select Java in memory;103000;0;2300,802065
JAVA;Select Java in memory;104000;0;2320,971108
JAVA;Select Java in memory;105000;0;2317,893753
JAVA;Select Java in memory;106000;0;2386,103608
JAVA;Select Java in memory;107000;0;2344,574442
JAVA;Select Java in memory;108000;0;2517,649281
JAVA;Select Java in memory;109000;0;2429,698299
JAVA;Select Java in memory;110000;0;2608,117469
JAVA;Select Java in memory;111000;0;2546,983812
JAVA;Select Java in memory;112000;0;2573,743269
JAVA;Select Java in memory;113000;0;2521,362265
JAVA;Select Java in memory;114000;0;2650,973185
JAVA;Select Java in memory;115000;0;2674,614013
JAVA;Select Java in memory;116000;0;2711,863883
JAVA;Select Java in memory;117000;0;2771,657961
JAVA;Select Java in memory;118000;0;2780,075092
JAVA;Select Java in memory;119000;0;2883,340543
JAVA;Select Java in memory;120000;0;2807,143496
JAVA;Select Java in memory;121000;0;2911,694318
JAVA;Select Java in memory;122000;0;2958,016665
JAVA;Select Java in memory;123000;0;2940,729983
JAVA;Select Java in memory;124000;0;3001,464379
JAVA;Select Java in memory;125000;0;3038,391757
JAVA;Select Java in memory;126000;0;3025,119135
JAVA;Select Java in memory;127000;0;3130,390002
JAVA;Select Java in memory;128000;0;3121,322391
JAVA;Select Java in memory;129000;0;3163,084137
JAVA;Select Java in memory;130000;0;3164,003604
JAVA;Select Java in memory;131000;0;3315,095591
JAVA;Select Java in memory;132000;0;3224,909864
JAVA;Select Java in memory;133000;0;3355,522997
JAVA;Select Java in memory;134000;0;3323,348224
JAVA;Select Java in memory;135000;0;3313,739443
JAVA;Select Java in memory;136000;0;3407,509113
JAVA;Select Java in memory;137000;0;3536,339675
JAVA;Select Java in memory;138000;0;3494,381202
JAVA;Select Java in memory;139000;0;3636,181194
JAVA;Select Java in memory;140000;0;3585,563668
JAVA;Select Java in memory;141000;0;3627,117514
JAVA;Select Java in memory;142000;0;3608,00875
JAVA;Select Java in memory;143000;0;3666,783691
JAVA;Select Java in memory;144000;0;3769,74054
JAVA;Select Java in memory;145000;0;3632,390939
JAVA;Select Java in memory;146000;0;3782,125545
JAVA;Select Java in memory;147000;0;3852,055004
JAVA;Select Java in memory;148000;0;4026,220183
JAVA;Select Java in memory;149000;0;3899,652091
JAVA;Select Java in memory;150000;0;3965,102682
JAVA;Select Java in memory;151000;0;3977,108126
JAVA;Select Java in memory;152000;0;3995,547395
JAVA;Select Java in memory;153000;0;3996,921852
JAVA;Select Java in memory;154000;0;4117,538404
JAVA;Select Java in memory;155000;0;4151,191062
JAVA;Select Java in memory;156000;0;4161,783996
JAVA;Select Java in memory;157000;0;4296,29973
JAVA;Select Java in memory;158000;0;4322,684334
JAVA;Select Java in memory;159000;0;4272,364902
JAVA;Select Java in memory;160000;0;4424,304649
JAVA;Select Java in memory;161000;0;4355,653653
JAVA;Select Java in memory;162000;0;4494,007962
JAVA;Select Java in memory;163000;0;4421,937421
JAVA;Select Java in memory;164000;0;4536,007659
JAVA;Select Java in memory;165000;0;4538,481717
JAVA;Select Java in memory;166000;0;4663,380303
JAVA;Select Java in memory;167000;0;4590,939059
JAVA;Select Java in memory;168000;0;4611,58363
JAVA;Select Java in memory;169000;0;4674,41904
JAVA;Select Java in memory;170000;0;4770,011381
JAVA;Select Java in memory;171000;0;4881,749087
JAVA;Select Java in memory;172000;0;4857,794886
JAVA;Select Java in memory;173000;0;4919,66712
JAVA;Select Java in memory;174000;0;4907,295568
JAVA;Select Java in memory;175000;0;4978,227888
JAVA;Select Java in memory;176000;0;4973,577601
JAVA;Select Java in memory;177000;0;5064,929184
JAVA;Select Java in memory;178000;0;5145,859796
JAVA;Select Java in memory;179000;0;5220,038046
JAVA;Select Java in memory;180000;0;5227,391216
JAVA;Select Java in memory;181000;0;5242,100353
JAVA;Select Java in memory;182000;0;5266,26214
JAVA;Select Java in memory;183000;0;5312,545568
JAVA;Select Java in memory;184000;0;5257,784139
JAVA;Select Java in memory;185000;0;5416,13076
JAVA;Select Java in memory;186000;0;5467,573998
JAVA;Select Java in memory;187000;0;5486,883401
JAVA;Select Java in memory;188000;0;5585,064265
JAVA;Select Java in memory;189000;0;5578,563054
JAVA;Select Java in memory;190000;0;5593,635692
JAVA;Select Java in memory;191000;0;5679,441379
JAVA;Select Java in memory;192000;0;5743,82527
JAVA;Select Java in memory;193000;0;5872,225691
JAVA;Select Java in memory;194000;0;5779,976408
JAVA;Select Java in memory;195000;0;5892,215097
JAVA;Select Java in memory;196000;0;5884,892788
JAVA;Select Java in memory;197000;0;5944,544968
JAVA;Select Java in memory;198000;0;5996,159473
JAVA;Select Java in memory;199000;0;6093,380794
JAVA;Select Java in memory;200000;0;6131,270589
JAVA;Select Java in memory;201000;0;6115,005277
JAVA;Select Java in memory;202000;0;6236,754906
JAVA;Select Java in memory;203000;0;6268,230698
JAVA;Select Java in memory;204000;0;6295,042195
JAVA;Select Java in memory;205000;0;6323,805191
JAVA;Select Java in memory;206000;0;6390,706387
JAVA;Select Java in memory;207000;0;6405,276635
JAVA;Select Java in memory;208000;0;6591,633878
JAVA;Select Java in memory;209000;0;6608,749045
JAVA;Select Java in memory;210000;0;6620,637377
JAVA;Select Java in memory;211000;0;6726,782913
JAVA;Select Java in memory;212000;0;6720,554061
JAVA;Select Java in memory;213000;0;6839,307605
JAVA;Select Java in memory;214000;0;6877,420699
JAVA;Select Java in memory;215000;0;7079,51277
JAVA;Select Java in memory;216000;0;7116,508289
JAVA;Select Java in memory;217000;0;7137,312793
JAVA;Select Java in memory;218000;0;7209,256307
JAVA;Select Java in memory;219000;0;7190,559209
JAVA;Select Java in memory;220000;0;7183,490622
JAVA;Select Java in memory;221000;0;7306,607419
JAVA;Select Java in memory;222000;0;7394,410942
JAVA;Select Java in memory;223000;0;7465,007202
JAVA;Select Java in memory;224000;0;7597,958367
JAVA;Select Java in memory;225000;0;7644,105434
JAVA;Select Java in memory;226000;0;7713,508194
JAVA;Select Java in memory;227000;0;7789,551141
JAVA;Select Java in memory;228000;0;7770,43156
JAVA;Select Java in memory;229000;0;7962,466253
JAVA;Select Java in memory;230000;0;7955,945717
JAVA;Select Java in memory;231000;0;8036,408837
JAVA;Select Java in memory;232000;0;8149,337952
JAVA;Select Java in memory;233000;0;8151,74635
JAVA;Select Java in memory;234000;0;8226,597868
JAVA;Select Java in memory;235000;0;8240,290731
JAVA;Select Java in memory;236000;0;8366,35671
JAVA;Select Java in memory;237000;0;8424,279671
JAVA;Select Java in memory;238000;0;8560,955194
JAVA;Select Java in memory;239000;0;8637,374689
JAVA;Select Java in memory;240000;0;8720,287448
JAVA;Select Java in memory;241000;0;8783,344926
JAVA;Select Java in memory;242000;0;8847,41655
JAVA;Select Java in memory;243000;0;9066,008643
JAVA;Select Java in memory;244000;0;9018,783725
JAVA;Select Java in memory;245000;0;9166,840073
JAVA;Select Java in memory;246000;0;9242,857798
JAVA;Select Java in memory;247000;0;9201,738609
JAVA;Select Java in memory;248000;0;9414,400461
JAVA;Select Java in memory;249000;0;9491,081685
JAVA;Select Java in memory;250000;0;9538,864675
;;;;
JAVA;Select Java in memory;100;1;0,694027
JAVA;Select Java in memory;1000;1;2,271943
JAVA;Select Java in memory;2000;1;1,816416
JAVA;Select Java in memory;3000;1;3,288788
JAVA;Select Java in memory;4000;1;3,141703
JAVA;Select Java in memory;5000;1;4,219768
JAVA;Select Java in memory;6000;1;5,107941
JAVA;Select Java in memory;7000;1;3,816176
JAVA;Select Java in memory;8000;1;5,619037
JAVA;Select Java in memory;9000;1;5,792007
JAVA;Select Java in memory;10000;1;6,617382
JAVA;Select Java in memory;11000;1;6,754348
JAVA;Select Java in memory;12000;1;5,889566
JAVA;Select Java in memory;13000;1;5,401552
JAVA;Select Java in memory;14000;1;3,710077
JAVA;Select Java in memory;15000;1;4,248615
JAVA;Select Java in memory;16000;1;4,834415
JAVA;Select Java in memory;17000;1;4,312208
JAVA;Select Java in memory;18000;1;4,547314
JAVA;Select Java in memory;19000;1;7,103793
JAVA;Select Java in memory;20000;1;11,251333
JAVA;Select Java in memory;21000;1;10,382189
JAVA;Select Java in memory;22000;1;10,829303
JAVA;Select Java in memory;23000;1;12,365126
JAVA;Select Java in memory;24000;1;11,873836
JAVA;Select Java in memory;25000;1;13,474373
JAVA;Select Java in memory;26000;1;12,713288
JAVA;Select Java in memory;27000;1;13,952509
JAVA;Select Java in memory;28000;1;13,74738
JAVA;Select Java in memory;29000;1;13,348031
JAVA;Select Java in memory;30000;1;15,706742
JAVA;Select Java in memory;31000;1;17,0241
JAVA;Select Java in memory;32000;1;13,58916
JAVA;Select Java in memory;33000;1;15,267465
JAVA;Select Java in memory;34000;1;15,329984
JAVA;Select Java in memory;35000;1;17,188015
JAVA;Select Java in memory;36000;1;18,531927
JAVA;Select Java in memory;37000;1;18,201163
JAVA;Select Java in memory;38000;1;13,743472
JAVA;Select Java in memory;39000;1;18,491505
JAVA;Select Java in memory;40000;1;19,199126
JAVA;Select Java in memory;41000;1;17,426086
JAVA;Select Java in memory;42000;1;17,918704
JAVA;Select Java in memory;43000;1;17,806823
JAVA;Select Java in memory;44000;1;20,13878
JAVA;Select Java in memory;45000;1;21,117798
JAVA;Select Java in memory;46000;1;20,883859
JAVA;Select Java in memory;47000;1;20,563653
JAVA;Select Java in memory;48000;1;19,426754
JAVA;Select Java in memory;49000;1;23,256402
JAVA;Select Java in memory;50000;1;24,572255
JAVA;Select Java in memory;51000;1;22,33608
JAVA;Select Java in memory;52000;1;23,20001
JAVA;Select Java in memory;53000;1;25,792081
JAVA;Select Java in memory;54000;1;24,245952
JAVA;Select Java in memory;55000;1;23,924523
JAVA;Select Java in memory;56000;1;26,052762
JAVA;Select Java in memory;57000;1;24,700779
JAVA;Select Java in memory;58000;1;24,786902
JAVA;Select Java in memory;59000;1;24,658392
JAVA;Select Java in memory;60000;1;24,101461
JAVA;Select Java in memory;61000;1;24,186571
JAVA;Select Java in memory;62000;1;26,360047
JAVA;Select Java in memory;63000;1;25,940203
JAVA;Select Java in memory;64000;1;26,810581
JAVA;Select Java in memory;65000;1;26,111487
JAVA;Select Java in memory;66000;1;29,223408
JAVA;Select Java in memory;67000;1;24,271822
JAVA;Select Java in memory;68000;1;26,477535
JAVA;Select Java in memory;69000;1;30,398036
JAVA;Select Java in memory;70000;1;27,824157
JAVA;Select Java in memory;71000;1;29,98851
JAVA;Select Java in memory;72000;1;31,905855
JAVA;Select Java in memory;73000;1;29,112971
JAVA;Select Java in memory;74000;1;30,138671
JAVA;Select Java in memory;75000;1;30,910667
JAVA;Select Java in memory;76000;1;30,164254
JAVA;Select Java in memory;77000;1;30,326246
JAVA;Select Java in memory;78000;1;30,934149
JAVA;Select Java in memory;79000;1;31,443705
JAVA;Select Java in memory;80000;1;31,964237
JAVA;Select Java in memory;81000;1;33,280078
JAVA;Select Java in memory;82000;1;32,750281
JAVA;Select Java in memory;83000;1;31,520292
JAVA;Select Java in memory;84000;1;32,390379
JAVA;Select Java in memory;85000;1;34,898428
JAVA;Select Java in memory;86000;1;34,237747
JAVA;Select Java in memory;87000;1;34,098136
JAVA;Select Java in memory;88000;1;35,036163
JAVA;Select Java in memory;89000;1;32,850689
JAVA;Select Java in memory;90000;1;33,400309
JAVA;Select Java in memory;91000;1;33,334448
JAVA;Select Java in memory;92000;1;32,647388
JAVA;Select Java in memory;93000;1;34,051884
JAVA;Select Java in memory;94000;1;33,987828
JAVA;Select Java in memory;95000;1;36,357939
JAVA;Select Java in memory;96000;1;38,627085
JAVA;Select Java in memory;97000;1;34,278739
JAVA;Select Java in memory;98000;1;35,514118
JAVA;Select Java in memory;99000;1;33,167965
JAVA;Select Java in memory;100000;1;36,60908
JAVA;Select Java in memory;101000;1;39,360287
JAVA;Select Java in memory;102000;1;37,196151
JAVA;Select Java in memory;103000;1;37,124276
JAVA;Select Java in memory;104000;1;36,819495
JAVA;Select Java in memory;105000;1;37,15323
JAVA;Select Java in memory;106000;1;41,509265
JAVA;Select Java in memory;107000;1;37,513713
JAVA;Select Java in memory;108000;1;38,661214
JAVA;Select Java in memory;109000;1;39,943684
JAVA;Select Java in memory;110000;1;40,055085
JAVA;Select Java in memory;111000;1;38,320524
JAVA;Select Java in memory;112000;1;38,761703
JAVA;Select Java in memory;113000;1;41,089267
JAVA;Select Java in memory;114000;1;40,759733
JAVA;Select Java in memory;115000;1;40,327209
JAVA;Select Java in memory;116000;1;39,897092
JAVA;Select Java in memory;117000;1;41,364202
JAVA;Select Java in memory;118000;1;41,847193
JAVA;Select Java in memory;119000;1;42,557968
JAVA;Select Java in memory;120000;1;41,852266
JAVA;Select Java in memory;121000;1;41,168832
JAVA;Select Java in memory;122000;1;42,398523
JAVA;Select Java in memory;123000;1;41,481895
JAVA;Select Java in memory;124000;1;46,289177
JAVA;Select Java in memory;125000;1;43,883697
JAVA;Select Java in memory;126000;1;45,405925
JAVA;Select Java in memory;127000;1;43,234303
JAVA;Select Java in memory;128000;1;43,066637
JAVA;Select Java in memory;129000;1;43,133445
JAVA;Select Java in memory;130000;1;45,215549
JAVA;Select Java in memory;131000;1;42,734266
JAVA;Select Java in memory;132000;1;43,453206
JAVA;Select Java in memory;133000;1;43,875701
JAVA;Select Java in memory;134000;1;48,726496
JAVA;Select Java in memory;135000;1;45,652525
JAVA;Select Java in memory;136000;1;45,510193
JAVA;Select Java in memory;137000;1;47,427444
JAVA;Select Java in memory;138000;1;47,298222
JAVA;Select Java in memory;139000;1;49,242595
JAVA;Select Java in memory;140000;1;44,442616
JAVA;Select Java in memory;141000;1;46,574128
JAVA;Select Java in memory;142000;1;46,219153
JAVA;Select Java in memory;143000;1;48,523558
JAVA;Select Java in memory;144000;1;47,946911
JAVA;Select Java in memory;145000;1;44,513764
JAVA;Select Java in memory;146000;1;49,046981
JAVA;Select Java in memory;147000;1;49,354525
JAVA;Select Java in memory;148000;1;50,125403
JAVA;Select Java in memory;149000;1;48,538273
JAVA;Select Java in memory;150000;1;49,537094
JAVA;Select Java in memory;151000;1;51,232821
JAVA;Select Java in memory;152000;1;50,59842
JAVA;Select Java in memory;153000;1;50,226038
JAVA;Select Java in memory;154000;1;51,33994
JAVA;Select Java in memory;155000;1;50,525395
JAVA;Select Java in memory;156000;1;50,52198
JAVA;Select Java in memory;157000;1;51,012863
JAVA;Select Java in memory;158000;1;54,224178
JAVA;Select Java in memory;159000;1;51,753799
JAVA;Select Java in memory;160000;1;49,871608
JAVA;Select Java in memory;161000;1;51,750202
JAVA;Select Java in memory;162000;1;53,268636
JAVA;Select Java in memory;163000;1;52,756321
JAVA;Select Java in memory;164000;1;51,993786
JAVA;Select Java in memory;165000;1;52,031697
JAVA;Select Java in memory;166000;1;54,425393
JAVA;Select Java in memory;167000;1;55,918117
JAVA;Select Java in memory;168000;1;52,790799
JAVA;Select Java in memory;169000;1;55,305769
JAVA;Select Java in memory;170000;1;54,873061
JAVA;Select Java in memory;171000;1;54,590149
JAVA;Select Java in memory;172000;1;55,296186
JAVA;Select Java in memory;173000;1;55,604545
JAVA;Select Java in memory;174000;1;55,694806
JAVA;Select Java in memory;175000;1;53,728613
JAVA;Select Java in memory;176000;1;58,071978
JAVA;Select Java in memory;177000;1;58,069183
JAVA;Select Java in memory;178000;1;56,791405
JAVA;Select Java in memory;179000;1;55,989915
JAVA;Select Java in memory;180000;1;53,727928
JAVA;Select Java in memory;181000;1;60,806593
JAVA;Select Java in memory;182000;1;58,724949
JAVA;Select Java in memory;183000;1;58,494894
JAVA;Select Java in memory;184000;1;54,287293
JAVA;Select Java in memory;185000;1;57,6276
JAVA;Select Java in memory;186000;1;59,821184
JAVA;Select Java in memory;187000;1;58,53476
JAVA;Select Java in memory;188000;1;60,198999
JAVA;Select Java in memory;189000;1;58,65329
JAVA;Select Java in memory;190000;1;60,281819
JAVA;Select Java in memory;191000;1;60,592615
JAVA;Select Java in memory;192000;1;62,756821
JAVA;Select Java in memory;193000;1;60,551463
JAVA;Select Java in memory;194000;1;60,238826
JAVA;Select Java in memory;195000;1;58,836467
JAVA;Select Java in memory;196000;1;61,894588
JAVA;Select Java in memory;197000;1;61,598193
JAVA;Select Java in memory;198000;1;63,396108
JAVA;Select Java in memory;199000;1;61,461896
JAVA;Select Java in memory;200000;1;61,616641
JAVA;Select Java in memory;201000;1;64,547381
JAVA;Select Java in memory;202000;1;64,21864
JAVA;Select Java in memory;203000;1;63,279369
JAVA;Select Java in memory;204000;1;62,693548
JAVA;Select Java in memory;205000;1;63,837146
JAVA;Select Java in memory;206000;1;63,700288
JAVA;Select Java in memory;207000;1;63,581302
JAVA;Select Java in memory;208000;1;66,898552
JAVA;Select Java in memory;209000;1;64,398372
JAVA;Select Java in memory;210000;1;67,290072
JAVA;Select Java in memory;211000;1;65,69413
JAVA;Select Java in memory;212000;1;64,923185
JAVA;Select Java in memory;213000;1;66,574946
JAVA;Select Java in memory;214000;1;65,237656
JAVA;Select Java in memory;215000;1;66,402756
JAVA;Select Java in memory;216000;1;68,021019
JAVA;Select Java in memory;217000;1;64,328269
JAVA;Select Java in memory;218000;1;67,979731
JAVA;Select Java in memory;219000;1;67,219891
JAVA;Select Java in memory;220000;1;66,295271
JAVA;Select Java in memory;221000;1;69,0817
JAVA;Select Java in memory;222000;1;67,51078
JAVA;Select Java in memory;223000;1;66,959801
JAVA;Select Java in memory;224000;1;70,099538
JAVA;Select Java in memory;225000;1;69,886098
JAVA;Select Java in memory;226000;1;70,915718
JAVA;Select Java in memory;227000;1;68,661183
JAVA;Select Java in memory;228000;1;69,793162
JAVA;Select Java in memory;229000;1;70,037346
JAVA;Select Java in memory;230000;1;71,479557
JAVA;Select Java in memory;231000;1;69,260468
JAVA;Select Java in memory;232000;1;70,747355
JAVA;Select Java in memory;233000;1;72,451358
JAVA;Select Java in memory;234000;1;72,935403
JAVA;Select Java in memory;235000;1;71,969915
JAVA;Select Java in memory;236000;1;71,439234
JAVA;Select Java in memory;237000;1;72,176244
JAVA;Select Java in memory;238000;1;74,388611
JAVA;Select Java in memory;239000;1;77,14261
JAVA;Select Java in memory;240000;1;77,174753
JAVA;Select Java in memory;241000;1;78,352973
JAVA;Select Java in memory;242000;1;76,940848
JAVA;Select Java in memory;243000;1;76,076987
JAVA;Select Java in memory;244000;1;74,241844
JAVA;Select Java in memory;245000;1;77,230442
JAVA;Select Java in memory;246000;1;78,318766
JAVA;Select Java in memory;247000;1;77,795243
JAVA;Select Java in memory;248000;1;75,83833
JAVA;Select Java in memory;249000;1;77,952398
JAVA;Select Java in memory;250000;1;77,574571
;;;;
JAVA;Select Java in memory;100;10;0,507776
JAVA;Select Java in memory;1000;10;0,958667
JAVA;Select Java in memory;2000;10;1,767945
JAVA;Select Java in memory;3000;10;2,408334
JAVA;Select Java in memory;4000;10;3,22752
JAVA;Select Java in memory;5000;10;3,370709
JAVA;Select Java in memory;6000;10;5,387012
JAVA;Select Java in memory;7000;10;4,320059
JAVA;Select Java in memory;8000;10;7,027615
JAVA;Select Java in memory;9000;10;5,513227
JAVA;Select Java in memory;10000;10;7,573463
JAVA;Select Java in memory;11000;10;7,523043
JAVA;Select Java in memory;12000;10;5,454624
JAVA;Select Java in memory;13000;10;8,779579
JAVA;Select Java in memory;14000;10;6,805084
JAVA;Select Java in memory;15000;10;8,483296
JAVA;Select Java in memory;16000;10;6,202956
JAVA;Select Java in memory;17000;10;8,145829
JAVA;Select Java in memory;18000;10;9,011831
JAVA;Select Java in memory;19000;10;9,278813
JAVA;Select Java in memory;20000;10;10,580214
JAVA;Select Java in memory;21000;10;11,387045
JAVA;Select Java in memory;22000;10;12,907483
JAVA;Select Java in memory;23000;10;15,071436
JAVA;Select Java in memory;24000;10;12,799412
JAVA;Select Java in memory;25000;10;13,017994
JAVA;Select Java in memory;26000;10;12,294297
JAVA;Select Java in memory;27000;10;11,617887
JAVA;Select Java in memory;28000;10;12,510949
JAVA;Select Java in memory;29000;10;14,67254
JAVA;Select Java in memory;30000;10;13,132769
JAVA;Select Java in memory;31000;10;16,986687
JAVA;Select Java in memory;32000;10;17,715297
JAVA;Select Java in memory;33000;10;16,066736
JAVA;Select Java in memory;34000;10;14,578463
JAVA;Select Java in memory;35000;10;18,318502
JAVA;Select Java in memory;36000;10;18,829754
JAVA;Select Java in memory;37000;10;17,422557
JAVA;Select Java in memory;38000;10;23,22166
JAVA;Select Java in memory;39000;10;20,587454
JAVA;Select Java in memory;40000;10;18,656586
JAVA;Select Java in memory;41000;10;20,529993
JAVA;Select Java in memory;42000;10;20,633998
JAVA;Select Java in memory;43000;10;17,983388
JAVA;Select Java in memory;44000;10;17,420604
JAVA;Select Java in memory;45000;10;18,449999
JAVA;Select Java in memory;46000;10;23,684813
JAVA;Select Java in memory;47000;10;26,198116
JAVA;Select Java in memory;48000;10;23,948792
JAVA;Select Java in memory;49000;10;22,420989
JAVA;Select Java in memory;50000;10;27,006491
JAVA;Select Java in memory;51000;10;23,613958
JAVA;Select Java in memory;52000;10;27,482585
JAVA;Select Java in memory;53000;10;25,103913
JAVA;Select Java in memory;54000;10;22,427772
JAVA;Select Java in memory;55000;10;26,833997
JAVA;Select Java in memory;56000;10;23,159158
JAVA;Select Java in memory;57000;10;26,208735
JAVA;Select Java in memory;58000;10;25,467595
JAVA;Select Java in memory;59000;10;27,122725
JAVA;Select Java in memory;60000;10;28,092608
JAVA;Select Java in memory;61000;10;25,619578
JAVA;Select Java in memory;62000;10;24,773439
JAVA;Select Java in memory;63000;10;26,119214
JAVA;Select Java in memory;64000;10;26,769048
JAVA;Select Java in memory;65000;10;29,029124
JAVA;Select Java in memory;66000;10;32,561989
JAVA;Select Java in memory;67000;10;28,983432
JAVA;Select Java in memory;68000;10;26,4255
JAVA;Select Java in memory;69000;10;25,2294
JAVA;Select Java in memory;70000;10;33,903003
JAVA;Select Java in memory;71000;10;29,962414
JAVA;Select Java in memory;72000;10;26,139197
JAVA;Select Java in memory;73000;10;29,151745
JAVA;Select Java in memory;74000;10;28,591726
JAVA;Select Java in memory;75000;10;27,949176
JAVA;Select Java in memory;76000;10;30,587461
JAVA;Select Java in memory;77000;10;29,206212
JAVA;Select Java in memory;78000;10;36,682842
JAVA;Select Java in memory;79000;10;31,31523
JAVA;Select Java in memory;80000;10;33,267382
JAVA;Select Java in memory;81000;10;32,353128
JAVA;Select Java in memory;82000;10;31,359618
JAVA;Select Java in memory;83000;10;35,161648
JAVA;Select Java in memory;84000;10;33,355566
JAVA;Select Java in memory;85000;10;34,328752
JAVA;Select Java in memory;86000;10;34,91631
JAVA;Select Java in memory;87000;10;37,992917
JAVA;Select Java in memory;88000;10;36,503771
JAVA;Select Java in memory;89000;10;31,543493
JAVA;Select Java in memory;90000;10;33,939484
JAVA;Select Java in memory;91000;10;39,848138
JAVA;Select Java in memory;92000;10;37,027086
JAVA;Select Java in memory;93000;10;34,681782
JAVA;Select Java in memory;94000;10;32,699878
JAVA;Select Java in memory;95000;10;35,322777
JAVA;Select Java in memory;96000;10;37,61
JAVA;Select Java in memory;97000;10;31,959762
JAVA;Select Java in memory;98000;10;39,099115
JAVA;Select Java in memory;99000;10;39,189046
JAVA;Select Java in memory;100000;10;35,851935
JAVA;Select Java in memory;101000;10;36,565741
JAVA;Select Java in memory;102000;10;37,369273
JAVA;Select Java in memory;103000;10;37,341589
JAVA;Select Java in memory;104000;10;38,193978
JAVA;Select Java in memory;105000;10;38,452655
JAVA;Select Java in memory;106000;10;44,977718
JAVA;Select Java in memory;107000;10;37,849695
JAVA;Select Java in memory;108000;10;43,491129
JAVA;Select Java in memory;109000;10;40,207906
JAVA;Select Java in memory;110000;10;42,593476
JAVA;Select Java in memory;111000;10;41,218007
JAVA;Select Java in memory;112000;10;38,298674
JAVA;Select Java in memory;113000;10;42,089528
JAVA;Select Java in memory;114000;10;39,682091
JAVA;Select Java in memory;115000;10;42,221423
JAVA;Select Java in memory;116000;10;41,972697
JAVA;Select Java in memory;117000;10;47,484018
JAVA;Select Java in memory;118000;10;38,066507
JAVA;Select Java in memory;119000;10;44,094519
JAVA;Select Java in memory;120000;10;48,161902
JAVA;Select Java in memory;121000;10;46,265527
JAVA;Select Java in memory;122000;10;41,074856
JAVA;Select Java in memory;123000;10;41,754668
JAVA;Select Java in memory;124000;10;41,997378
JAVA;Select Java in memory;125000;10;41,7112
JAVA;Select Java in memory;126000;10;47,190668
JAVA;Select Java in memory;127000;10;43,814772
JAVA;Select Java in memory;128000;10;44,851486
JAVA;Select Java in memory;129000;10;48,193009
JAVA;Select Java in memory;130000;10;44,605957
JAVA;Select Java in memory;131000;10;47,391637
JAVA;Select Java in memory;132000;10;46,91679
JAVA;Select Java in memory;133000;10;46,002547
JAVA;Select Java in memory;134000;10;46,260001
JAVA;Select Java in memory;135000;10;49,202235
JAVA;Select Java in memory;136000;10;48,164713
JAVA;Select Java in memory;137000;10;46,871747
JAVA;Select Java in memory;138000;10;45,523568
JAVA;Select Java in memory;139000;10;46,88787
JAVA;Select Java in memory;140000;10;49,024646
JAVA;Select Java in memory;141000;10;48,949005
JAVA;Select Java in memory;142000;10;49,75687
JAVA;Select Java in memory;143000;10;47,039456
JAVA;Select Java in memory;144000;10;46,462536
JAVA;Select Java in memory;145000;10;46,568548
JAVA;Select Java in memory;146000;10;48,132724
JAVA;Select Java in memory;147000;10;51,773891
JAVA;Select Java in memory;148000;10;47,779678
JAVA;Select Java in memory;149000;10;50,869171
JAVA;Select Java in memory;150000;10;50,955228
JAVA;Select Java in memory;151000;10;51,229893
JAVA;Select Java in memory;152000;10;51,029548
JAVA;Select Java in memory;153000;10;50,120119
JAVA;Select Java in memory;154000;10;53,66631
JAVA;Select Java in memory;155000;10;51,404352
JAVA;Select Java in memory;156000;10;48,370088
JAVA;Select Java in memory;157000;10;56,344317
JAVA;Select Java in memory;158000;10;53,311556
JAVA;Select Java in memory;159000;10;54,797285
JAVA;Select Java in memory;160000;10;51,512243
JAVA;Select Java in memory;161000;10;56,829487
JAVA;Select Java in memory;162000;10;55,855214
JAVA;Select Java in memory;163000;10;52,762053
JAVA;Select Java in memory;164000;10;54,399742
JAVA;Select Java in memory;165000;10;54,629065
JAVA;Select Java in memory;166000;10;57,255377
JAVA;Select Java in memory;167000;10;54,700689
JAVA;Select Java in memory;168000;10;54,645874
JAVA;Select Java in memory;169000;10;58,293541
JAVA;Select Java in memory;170000;10;54,945064
JAVA;Select Java in memory;171000;10;59,376149
JAVA;Select Java in memory;172000;10;54,752555
JAVA;Select Java in memory;173000;10;56,104584
JAVA;Select Java in memory;174000;10;55,871559
JAVA;Select Java in memory;175000;10;55,994669
JAVA;Select Java in memory;176000;10;58,107735
JAVA;Select Java in memory;177000;10;54,970013
JAVA;Select Java in memory;178000;10;58,226158
JAVA;Select Java in memory;179000;10;57,898207
JAVA;Select Java in memory;180000;10;59,058577
JAVA;Select Java in memory;181000;10;59,817151
JAVA;Select Java in memory;182000;10;59,770091
JAVA;Select Java in memory;183000;10;61,744763
JAVA;Select Java in memory;184000;10;58,534261
JAVA;Select Java in memory;185000;10;60,497542
JAVA;Select Java in memory;186000;10;60,730494
JAVA;Select Java in memory;187000;10;58,691997
JAVA;Select Java in memory;188000;10;62,255959
JAVA;Select Java in memory;189000;10;62,04162
JAVA;Select Java in memory;190000;10;64,366012
JAVA;Select Java in memory;191000;10;62,269645
JAVA;Select Java in memory;192000;10;63,807243
JAVA;Select Java in memory;193000;10;63,854472
JAVA;Select Java in memory;194000;10;61,713603
JAVA;Select Java in memory;195000;10;62,892504
JAVA;Select Java in memory;196000;10;62,43681
JAVA;Select Java in memory;197000;10;65,86345
JAVA;Select Java in memory;198000;10;64,189347
JAVA;Select Java in memory;199000;10;66,964753
JAVA;Select Java in memory;200000;10;70,307161
JAVA;Select Java in memory;201000;10;66,633778
JAVA;Select Java in memory;202000;10;68,962291
JAVA;Select Java in memory;203000;10;67,448198
JAVA;Select Java in memory;204000;10;66,518468
JAVA;Select Java in memory;205000;10;68,762213
JAVA;Select Java in memory;206000;10;72,262771
JAVA;Select Java in memory;207000;10;67,955196
JAVA;Select Java in memory;208000;10;71,182843
JAVA;Select Java in memory;209000;10;66,697058
JAVA;Select Java in memory;210000;10;68,688101
JAVA;Select Java in memory;211000;10;68,30386
JAVA;Select Java in memory;212000;10;69,119019
JAVA;Select Java in memory;213000;10;70,107082
JAVA;Select Java in memory;214000;10;68,464996
JAVA;Select Java in memory;215000;10;70,547198
JAVA;Select Java in memory;216000;10;68,835561
JAVA;Select Java in memory;217000;10;70,873435
JAVA;Select Java in memory;218000;10;75,188928
JAVA;Select Java in memory;219000;10;74,676769
JAVA;Select Java in memory;220000;10;69,837942
JAVA;Select Java in memory;221000;10;74,140135
JAVA;Select Java in memory;222000;10;71,129746
JAVA;Select Java in memory;223000;10;73,070815
JAVA;Select Java in memory;224000;10;72,978071
JAVA;Select Java in memory;225000;10;70,02322
JAVA;Select Java in memory;226000;10;74,933888
JAVA;Select Java in memory;227000;10;74,897949
JAVA;Select Java in memory;228000;10;76,31287
JAVA;Select Java in memory;229000;10;74,870145
JAVA;Select Java in memory;230000;10;77,457206
JAVA;Select Java in memory;231000;10;76,412696
JAVA;Select Java in memory;232000;10;77,748121
JAVA;Select Java in memory;233000;10;74,978858
JAVA;Select Java in memory;234000;10;72,812795
JAVA;Select Java in memory;235000;10;75,585393
JAVA;Select Java in memory;236000;10;78,46998
JAVA;Select Java in memory;237000;10;77,014651
JAVA;Select Java in memory;238000;10;75,503022
JAVA;Select Java in memory;239000;10;79,835346
JAVA;Select Java in memory;240000;10;77,850158
JAVA;Select Java in memory;241000;10;78,940679
JAVA;Select Java in memory;242000;10;77,067921
JAVA;Select Java in memory;243000;10;78,942708
JAVA;Select Java in memory;244000;10;76,933481
JAVA;Select Java in memory;245000;10;81,361615
JAVA;Select Java in memory;246000;10;80,104386
JAVA;Select Java in memory;247000;10;81,17633
JAVA;Select Java in memory;248000;10;78,409451
JAVA;Select Java in memory;249000;10;80,944892
JAVA;Select Java in memory;250000;10;83,430892
;;;;
JAVA;Select Java in memory;100;100;0,322527
JAVA;Select Java in memory;1000;100;1,438116
JAVA;Select Java in memory;2000;100;2,113254
JAVA;Select Java in memory;3000;100;2,767873
JAVA;Select Java in memory;4000;100;3,315699
JAVA;Select Java in memory;5000;100;3,422971
JAVA;Select Java in memory;6000;100;4,302842
JAVA;Select Java in memory;7000;100;5,346263
JAVA;Select Java in memory;8000;100;5,909361
JAVA;Select Java in memory;9000;100;7,673723
JAVA;Select Java in memory;10000;100;7,313393
JAVA;Select Java in memory;11000;100;7,280351
JAVA;Select Java in memory;12000;100;6,559815
JAVA;Select Java in memory;13000;100;7,603762
JAVA;Select Java in memory;14000;100;6,315847
JAVA;Select Java in memory;15000;100;6,68883
JAVA;Select Java in memory;16000;100;5,396756
JAVA;Select Java in memory;17000;100;7,202777
JAVA;Select Java in memory;18000;100;8,780938
JAVA;Select Java in memory;19000;100;9,501652
JAVA;Select Java in memory;20000;100;11,431703
JAVA;Select Java in memory;21000;100;12,97877
JAVA;Select Java in memory;22000;100;12,21967
JAVA;Select Java in memory;23000;100;11,721999
JAVA;Select Java in memory;24000;100;13,32698
JAVA;Select Java in memory;25000;100;15,168125
JAVA;Select Java in memory;26000;100;13,395591
JAVA;Select Java in memory;27000;100;11,5417
JAVA;Select Java in memory;28000;100;13,903452
JAVA;Select Java in memory;29000;100;13,878032
JAVA;Select Java in memory;30000;100;11,238144
JAVA;Select Java in memory;31000;100;16,510502
JAVA;Select Java in memory;32000;100;15,47184
JAVA;Select Java in memory;33000;100;15,479043
JAVA;Select Java in memory;34000;100;18,602898
JAVA;Select Java in memory;35000;100;21,125097
JAVA;Select Java in memory;36000;100;17,507388
JAVA;Select Java in memory;37000;100;19,574789
JAVA;Select Java in memory;38000;100;19,470117
JAVA;Select Java in memory;39000;100;20,259658
JAVA;Select Java in memory;40000;100;20,781936
JAVA;Select Java in memory;41000;100;17,825886
JAVA;Select Java in memory;42000;100;19,9592
JAVA;Select Java in memory;43000;100;16,952989
JAVA;Select Java in memory;44000;100;24,34498
JAVA;Select Java in memory;45000;100;20,330804
JAVA;Select Java in memory;46000;100;18,057208
JAVA;Select Java in memory;47000;100;22,901393
JAVA;Select Java in memory;48000;100;22,216088
JAVA;Select Java in memory;49000;100;20,513307
JAVA;Select Java in memory;50000;100;25,876825
JAVA;Select Java in memory;51000;100;23,16752
JAVA;Select Java in memory;52000;100;19,509059
JAVA;Select Java in memory;53000;100;21,692723
JAVA;Select Java in memory;54000;100;25,17791
JAVA;Select Java in memory;55000;100;21,512164
JAVA;Select Java in memory;56000;100;27,24465
JAVA;Select Java in memory;57000;100;28,604147
JAVA;Select Java in memory;58000;100;21,686452
JAVA;Select Java in memory;59000;100;27,049475
JAVA;Select Java in memory;60000;100;25,368637
JAVA;Select Java in memory;61000;100;25,93595
JAVA;Select Java in memory;62000;100;27,440496
JAVA;Select Java in memory;63000;100;26,720053
JAVA;Select Java in memory;64000;100;26,265687
JAVA;Select Java in memory;65000;100;25,601184
JAVA;Select Java in memory;66000;100;29,663182
JAVA;Select Java in memory;67000;100;25,556032
JAVA;Select Java in memory;68000;100;26,819727
JAVA;Select Java in memory;69000;100;27,755689
JAVA;Select Java in memory;70000;100;32,110515
JAVA;Select Java in memory;71000;100;28,244322
JAVA;Select Java in memory;72000;100;29,404513
JAVA;Select Java in memory;73000;100;29,314498
JAVA;Select Java in memory;74000;100;26,500648
JAVA;Select Java in memory;75000;100;31,431792
JAVA;Select Java in memory;76000;100;29,379311
JAVA;Select Java in memory;77000;100;30,276479
JAVA;Select Java in memory;78000;100;33,830048
JAVA;Select Java in memory;79000;100;34,454941
JAVA;Select Java in memory;80000;100;31,644194
JAVA;Select Java in memory;81000;100;34,018732
JAVA;Select Java in memory;82000;100;29,881165
JAVA;Select Java in memory;83000;100;31,698934
JAVA;Select Java in memory;84000;100;30,278242
JAVA;Select Java in memory;85000;100;33,922284
JAVA;Select Java in memory;86000;100;36,387747
JAVA;Select Java in memory;87000;100;33,065797
JAVA;Select Java in memory;88000;100;33,661283
JAVA;Select Java in memory;89000;100;32,41743
JAVA;Select Java in memory;90000;100;35,852543
JAVA;Select Java in memory;91000;100;40,117714
JAVA;Select Java in memory;92000;100;33,891551
JAVA;Select Java in memory;93000;100;34,156888
JAVA;Select Java in memory;94000;100;37,105274
JAVA;Select Java in memory;95000;100;37,587963
JAVA;Select Java in memory;96000;100;39,469209
JAVA;Select Java in memory;97000;100;36,463111
JAVA;Select Java in memory;98000;100;35,01897
JAVA;Select Java in memory;99000;100;34,252828
JAVA;Select Java in memory;100000;100;35,843529
JAVA;Select Java in memory;101000;100;36,871596
JAVA;Select Java in memory;102000;100;37,257978
JAVA;Select Java in memory;103000;100;37,562092
JAVA;Select Java in memory;104000;100;39,283634
JAVA;Select Java in memory;105000;100;37,262855
JAVA;Select Java in memory;106000;100;40,307483
JAVA;Select Java in memory;107000;100;39,701274
JAVA;Select Java in memory;108000;100;35,994201
JAVA;Select Java in memory;109000;100;35,262525
JAVA;Select Java in memory;110000;100;36,928755
JAVA;Select Java in memory;111000;100;39,026175
JAVA;Select Java in memory;112000;100;42,472095
JAVA;Select Java in memory;113000;100;43,227531
JAVA;Select Java in memory;114000;100;40,520744
JAVA;Select Java in memory;115000;100;40,641355
JAVA;Select Java in memory;116000;100;44,423401
JAVA;Select Java in memory;117000;100;40,433099
JAVA;Select Java in memory;118000;100;43,792617
JAVA;Select Java in memory;119000;100;45,571146
JAVA;Select Java in memory;120000;100;40,196534
JAVA;Select Java in memory;121000;100;44,226685
JAVA;Select Java in memory;122000;100;43,55797
JAVA;Select Java in memory;123000;100;44,512412
JAVA;Select Java in memory;124000;100;45,252997
JAVA;Select Java in memory;125000;100;44,142832
JAVA;Select Java in memory;126000;100;48,007852
JAVA;Select Java in memory;127000;100;41,509093
JAVA;Select Java in memory;128000;100;43,940932
JAVA;Select Java in memory;129000;100;45,064247
JAVA;Select Java in memory;130000;100;41,201098
JAVA;Select Java in memory;131000;100;43,99448
JAVA;Select Java in memory;132000;100;48,454175
JAVA;Select Java in memory;133000;100;47,024558
JAVA;Select Java in memory;134000;100;44,31631
JAVA;Select Java in memory;135000;100;45,279633
JAVA;Select Java in memory;136000;100;46,22587
JAVA;Select Java in memory;137000;100;48,288291
JAVA;Select Java in memory;138000;100;50,544437
JAVA;Select Java in memory;139000;100;45,555209
JAVA;Select Java in memory;140000;100;47,758451
JAVA;Select Java in memory;141000;100;45,211409
JAVA;Select Java in memory;142000;100;47,692089
JAVA;Select Java in memory;143000;100;42,337169
JAVA;Select Java in memory;144000;100;47,206199
JAVA;Select Java in memory;145000;100;53,195896
JAVA;Select Java in memory;146000;100;51,040359
JAVA;Select Java in memory;147000;100;51,276301
JAVA;Select Java in memory;148000;100;50,595559
JAVA;Select Java in memory;149000;100;49,282528
JAVA;Select Java in memory;150000;100;51,176123
JAVA;Select Java in memory;151000;100;53,489053
JAVA;Select Java in memory;152000;100;53,478023
JAVA;Select Java in memory;153000;100;50,304093
JAVA;Select Java in memory;154000;100;55,016638
JAVA;Select Java in memory;155000;100;50,946856
JAVA;Select Java in memory;156000;100;54,909714
JAVA;Select Java in memory;157000;100;51,204164
JAVA;Select Java in memory;158000;100;50,818102
JAVA;Select Java in memory;159000;100;54,636213
JAVA;Select Java in memory;160000;100;53,805856
JAVA;Select Java in memory;161000;100;51,779562
JAVA;Select Java in memory;162000;100;54,472879
JAVA;Select Java in memory;163000;100;56,163721
JAVA;Select Java in memory;164000;100;53,361777
JAVA;Select Java in memory;165000;100;52,881045
JAVA;Select Java in memory;166000;100;54,963899
JAVA;Select Java in memory;167000;100;56,781518
JAVA;Select Java in memory;168000;100;56,093585
JAVA;Select Java in memory;169000;100;59,817608
JAVA;Select Java in memory;170000;100;55,631796
JAVA;Select Java in memory;171000;100;57,195499
JAVA;Select Java in memory;172000;100;56,496595
JAVA;Select Java in memory;173000;100;57,623407
JAVA;Select Java in memory;174000;100;55,722809
JAVA;Select Java in memory;175000;100;57,85905
JAVA;Select Java in memory;176000;100;56,057375
JAVA;Select Java in memory;177000;100;59,291885
JAVA;Select Java in memory;178000;100;60,823602
JAVA;Select Java in memory;179000;100;63,068736
JAVA;Select Java in memory;180000;100;56,765123
JAVA;Select Java in memory;181000;100;55,789742
JAVA;Select Java in memory;182000;100;60,074387
JAVA;Select Java in memory;183000;100;56,520015
JAVA;Select Java in memory;184000;100;60,498669
JAVA;Select Java in memory;185000;100;62,725037
JAVA;Select Java in memory;186000;100;59,975956
JAVA;Select Java in memory;187000;100;61,12425
JAVA;Select Java in memory;188000;100;62,579621
JAVA;Select Java in memory;189000;100;63,210882
JAVA;Select Java in memory;190000;100;62,859673
JAVA;Select Java in memory;191000;100;62,716529
JAVA;Select Java in memory;192000;100;65,236426
JAVA;Select Java in memory;193000;100;62,255848
JAVA;Select Java in memory;194000;100;65,177085
JAVA;Select Java in memory;195000;100;64,582258
JAVA;Select Java in memory;196000;100;60,596381
JAVA;Select Java in memory;197000;100;63,14154
JAVA;Select Java in memory;198000;100;61,650172
JAVA;Select Java in memory;199000;100;65,408889
JAVA;Select Java in memory;200000;100;65,843553
JAVA;Select Java in memory;201000;100;67,875201
JAVA;Select Java in memory;202000;100;64,553779
JAVA;Select Java in memory;203000;100;63,907091
JAVA;Select Java in memory;204000;100;67,147772
JAVA;Select Java in memory;205000;100;67,28108
JAVA;Select Java in memory;206000;100;70,986717
JAVA;Select Java in memory;207000;100;68,599955
JAVA;Select Java in memory;208000;100;70,150798
JAVA;Select Java in memory;209000;100;70,56348
JAVA;Select Java in memory;210000;100;69,941837
JAVA;Select Java in memory;211000;100;69,176148
JAVA;Select Java in memory;212000;100;63,938422
JAVA;Select Java in memory;213000;100;70,89216
JAVA;Select Java in memory;214000;100;69,438457
JAVA;Select Java in memory;215000;100;69,021087
JAVA;Select Java in memory;216000;100;71,841756
JAVA;Select Java in memory;217000;100;72,465829
JAVA;Select Java in memory;218000;100;73,024822
JAVA;Select Java in memory;219000;100;72,09909
JAVA;Select Java in memory;220000;100;73,530595
JAVA;Select Java in memory;221000;100;72,875327
JAVA;Select Java in memory;222000;100;71,435256
JAVA;Select Java in memory;223000;100;67,8283
JAVA;Select Java in memory;224000;100;74,673701
JAVA;Select Java in memory;225000;100;72,994848
JAVA;Select Java in memory;226000;100;74,87356
JAVA;Select Java in memory;227000;100;73,183454
JAVA;Select Java in memory;228000;100;73,080382
JAVA;Select Java in memory;229000;100;74,275064
JAVA;Select Java in memory;230000;100;74,177109
JAVA;Select Java in memory;231000;100;78,377986
JAVA;Select Java in memory;232000;100;77,975022
JAVA;Select Java in memory;233000;100;77,823023
JAVA;Select Java in memory;234000;100;72,844085
JAVA;Select Java in memory;235000;100;78,715682
JAVA;Select Java in memory;236000;100;75,91105
JAVA;Select Java in memory;237000;100;75,641351
JAVA;Select Java in memory;238000;100;78,706598
JAVA;Select Java in memory;239000;100;77,722736
JAVA;Select Java in memory;240000;100;77,626813
JAVA;Select Java in memory;241000;100;77,13007
JAVA;Select Java in memory;242000;100;78,414029
JAVA;Select Java in memory;243000;100;79,77909
JAVA;Select Java in memory;244000;100;76,0282
JAVA;Select Java in memory;245000;100;79,992662
JAVA;Select Java in memory;246000;100;80,38769
JAVA;Select Java in memory;247000;100;78,896372
JAVA;Select Java in memory;248000;100;81,49001
JAVA;Select Java in memory;249000;100;79,443527
JAVA;Select Java in memory;250000;100;79,205349
;;;;
JAVA;Select Java in memory;100;1000;0,385167
JAVA;Select Java in memory;1000;1000;1,756858
JAVA;Select Java in memory;2000;1000;1,97544
JAVA;Select Java in memory;3000;1000;2,49748
JAVA;Select Java in memory;4000;1000;3,085052
JAVA;Select Java in memory;5000;1000;3,738418
JAVA;Select Java in memory;6000;1000;3,999866
JAVA;Select Java in memory;7000;1000;6,18282
JAVA;Select Java in memory;8000;1000;6,8145
JAVA;Select Java in memory;9000;1000;7,23945
JAVA;Select Java in memory;10000;1000;7,646623
JAVA;Select Java in memory;11000;1000;7,069387
JAVA;Select Java in memory;12000;1000;6,467087
JAVA;Select Java in memory;13000;1000;6,413875
JAVA;Select Java in memory;14000;1000;6,328311
JAVA;Select Java in memory;15000;1000;6,014157
JAVA;Select Java in memory;16000;1000;6,430756
JAVA;Select Java in memory;17000;1000;7,381869
JAVA;Select Java in memory;18000;1000;8,286058
JAVA;Select Java in memory;19000;1000;9,717474
JAVA;Select Java in memory;20000;1000;10,324287
JAVA;Select Java in memory;21000;1000;10,257472
JAVA;Select Java in memory;22000;1000;9,018446
JAVA;Select Java in memory;23000;1000;8,841684
JAVA;Select Java in memory;24000;1000;13,155868
JAVA;Select Java in memory;25000;1000;9,672916
JAVA;Select Java in memory;26000;1000;13,387738
JAVA;Select Java in memory;27000;1000;9,946065
JAVA;Select Java in memory;28000;1000;13,07589
JAVA;Select Java in memory;29000;1000;11,729656
JAVA;Select Java in memory;30000;1000;16,910816
JAVA;Select Java in memory;31000;1000;14,314821
JAVA;Select Java in memory;32000;1000;17,405389
JAVA;Select Java in memory;33000;1000;16,524182
JAVA;Select Java in memory;34000;1000;16,625518
JAVA;Select Java in memory;35000;1000;19,895647
JAVA;Select Java in memory;36000;1000;22,267447
JAVA;Select Java in memory;37000;1000;17,239232
JAVA;Select Java in memory;38000;1000;19,219109
JAVA;Select Java in memory;39000;1000;19,234322
JAVA;Select Java in memory;40000;1000;18,763998
JAVA;Select Java in memory;41000;1000;21,575703
JAVA;Select Java in memory;42000;1000;20,421248
JAVA;Select Java in memory;43000;1000;22,333987
JAVA;Select Java in memory;44000;1000;17,271262
JAVA;Select Java in memory;45000;1000;24,251958
JAVA;Select Java in memory;46000;1000;24,195398
JAVA;Select Java in memory;47000;1000;21,770134
JAVA;Select Java in memory;48000;1000;22,319038
JAVA;Select Java in memory;49000;1000;18,380071
JAVA;Select Java in memory;50000;1000;24,206704
JAVA;Select Java in memory;51000;1000;24,321905
JAVA;Select Java in memory;52000;1000;22,977994
JAVA;Select Java in memory;53000;1000;24,923307
JAVA;Select Java in memory;54000;1000;25,775311
JAVA;Select Java in memory;55000;1000;24,473418
JAVA;Select Java in memory;56000;1000;24,890148
JAVA;Select Java in memory;57000;1000;26,797564
JAVA;Select Java in memory;58000;1000;24,757021
JAVA;Select Java in memory;59000;1000;29,211852
JAVA;Select Java in memory;60000;1000;25,473484
JAVA;Select Java in memory;61000;1000;25,468285
JAVA;Select Java in memory;62000;1000;28,096312
JAVA;Select Java in memory;63000;1000;30,100887
JAVA;Select Java in memory;64000;1000;24,564246
JAVA;Select Java in memory;65000;1000;24,839469
JAVA;Select Java in memory;66000;1000;28,976704
JAVA;Select Java in memory;67000;1000;30,451928
JAVA;Select Java in memory;68000;1000;31,8648
JAVA;Select Java in memory;69000;1000;28,46676
JAVA;Select Java in memory;70000;1000;29,556165
JAVA;Select Java in memory;71000;1000;30,13942
JAVA;Select Java in memory;72000;1000;35,573284
JAVA;Select Java in memory;73000;1000;34,858874
JAVA;Select Java in memory;74000;1000;28,570258
JAVA;Select Java in memory;75000;1000;37,048313
JAVA;Select Java in memory;76000;1000;27,497314
JAVA;Select Java in memory;77000;1000;30,721188
JAVA;Select Java in memory;78000;1000;29,423234
JAVA;Select Java in memory;79000;1000;34,688772
JAVA;Select Java in memory;80000;1000;32,617948
JAVA;Select Java in memory;81000;1000;34,057605
JAVA;Select Java in memory;82000;1000;34,129118
JAVA;Select Java in memory;83000;1000;33,035446
JAVA;Select Java in memory;84000;1000;28,82496
JAVA;Select Java in memory;85000;1000;32,310107
JAVA;Select Java in memory;86000;1000;36,20716
JAVA;Select Java in memory;87000;1000;33,275252
JAVA;Select Java in memory;88000;1000;29,854106
JAVA;Select Java in memory;89000;1000;34,248921
JAVA;Select Java in memory;90000;1000;37,061318
JAVA;Select Java in memory;91000;1000;36,088479
JAVA;Select Java in memory;92000;1000;36,312864
JAVA;Select Java in memory;93000;1000;35,393298
JAVA;Select Java in memory;94000;1000;33,861736
JAVA;Select Java in memory;95000;1000;35,741339
JAVA;Select Java in memory;96000;1000;37,298333
JAVA;Select Java in memory;97000;1000;38,894553
JAVA;Select Java in memory;98000;1000;33,468412
JAVA;Select Java in memory;99000;1000;35,501849
JAVA;Select Java in memory;100000;1000;38,346526
JAVA;Select Java in memory;101000;1000;36,881861
JAVA;Select Java in memory;102000;1000;41,630106
JAVA;Select Java in memory;103000;1000;36,774728
JAVA;Select Java in memory;104000;1000;36,314089
JAVA;Select Java in memory;105000;1000;35,520603
JAVA;Select Java in memory;106000;1000;40,86457
JAVA;Select Java in memory;107000;1000;39,178122
JAVA;Select Java in memory;108000;1000;41,319731
JAVA;Select Java in memory;109000;1000;37,249212
JAVA;Select Java in memory;110000;1000;39,61491
JAVA;Select Java in memory;111000;1000;45,107144
JAVA;Select Java in memory;112000;1000;41,621514
JAVA;Select Java in memory;113000;1000;39,736518
JAVA;Select Java in memory;114000;1000;40,483182
JAVA;Select Java in memory;115000;1000;41,294999
JAVA;Select Java in memory;116000;1000;41,312685
JAVA;Select Java in memory;117000;1000;38,815116
JAVA;Select Java in memory;118000;1000;43,43461
JAVA;Select Java in memory;119000;1000;41,636682
JAVA;Select Java in memory;120000;1000;46,244877
JAVA;Select Java in memory;121000;1000;40,480614
JAVA;Select Java in memory;122000;1000;44,606766
JAVA;Select Java in memory;123000;1000;48,311389
JAVA;Select Java in memory;124000;1000;39,488404
JAVA;Select Java in memory;125000;1000;41,147743
JAVA;Select Java in memory;126000;1000;46,754427
JAVA;Select Java in memory;127000;1000;44,307425
JAVA;Select Java in memory;128000;1000;44,422614
JAVA;Select Java in memory;129000;1000;44,342046
JAVA;Select Java in memory;130000;1000;45,600708
JAVA;Select Java in memory;131000;1000;44,597839
JAVA;Select Java in memory;132000;1000;43,734355
JAVA;Select Java in memory;133000;1000;48,659609
JAVA;Select Java in memory;134000;1000;46,957796
JAVA;Select Java in memory;135000;1000;48,868774
JAVA;Select Java in memory;136000;1000;48,201188
JAVA;Select Java in memory;137000;1000;49,586369
JAVA;Select Java in memory;138000;1000;50,328039
JAVA;Select Java in memory;139000;1000;51,737679
JAVA;Select Java in memory;140000;1000;48,156436
JAVA;Select Java in memory;141000;1000;48,543168
JAVA;Select Java in memory;142000;1000;49,001314
JAVA;Select Java in memory;143000;1000;46,789138
JAVA;Select Java in memory;144000;1000;51,636552
JAVA;Select Java in memory;145000;1000;51,966958
JAVA;Select Java in memory;146000;1000;50,409291
JAVA;Select Java in memory;147000;1000;48,613423
JAVA;Select Java in memory;148000;1000;50,329259
JAVA;Select Java in memory;149000;1000;48,747628
JAVA;Select Java in memory;150000;1000;50,731718
JAVA;Select Java in memory;151000;1000;49,760215
JAVA;Select Java in memory;152000;1000;47,040787
JAVA;Select Java in memory;153000;1000;47,79364
JAVA;Select Java in memory;154000;1000;53,913731
JAVA;Select Java in memory;155000;1000;50,152762
JAVA;Select Java in memory;156000;1000;54,370382
JAVA;Select Java in memory;157000;1000;50,283894
JAVA;Select Java in memory;158000;1000;51,93255
JAVA;Select Java in memory;159000;1000;51,533397
JAVA;Select Java in memory;160000;1000;51,470041
JAVA;Select Java in memory;161000;1000;49,470787
JAVA;Select Java in memory;162000;1000;55,491677
JAVA;Select Java in memory;163000;1000;53,962788
JAVA;Select Java in memory;164000;1000;52,600269
JAVA;Select Java in memory;165000;1000;49,633118
JAVA;Select Java in memory;166000;1000;55,318339
JAVA;Select Java in memory;167000;1000;55,089858
JAVA;Select Java in memory;168000;1000;56,368651
JAVA;Select Java in memory;169000;1000;56,74433
JAVA;Select Java in memory;170000;1000;56,549797
JAVA;Select Java in memory;171000;1000;59,487699
JAVA;Select Java in memory;172000;1000;56,957231
JAVA;Select Java in memory;173000;1000;58,717378
JAVA;Select Java in memory;174000;1000;60,390108
JAVA;Select Java in memory;175000;1000;61,083647
JAVA;Select Java in memory;176000;1000;62,427309
JAVA;Select Java in memory;177000;1000;58,134782
JAVA;Select Java in memory;178000;1000;58,70365
JAVA;Select Java in memory;179000;1000;60,43448
JAVA;Select Java in memory;180000;1000;56,520738
JAVA;Select Java in memory;181000;1000;57,452303
JAVA;Select Java in memory;182000;1000;59,369344
JAVA;Select Java in memory;183000;1000;60,451009
JAVA;Select Java in memory;184000;1000;59,118132
JAVA;Select Java in memory;185000;1000;58,933987
JAVA;Select Java in memory;186000;1000;63,359093
JAVA;Select Java in memory;187000;1000;64,331045
JAVA;Select Java in memory;188000;1000;60,285288
JAVA;Select Java in memory;189000;1000;61,540961
JAVA;Select Java in memory;190000;1000;63,312092
JAVA;Select Java in memory;191000;1000;67,740722
JAVA;Select Java in memory;192000;1000;64,084301
JAVA;Select Java in memory;193000;1000;63,510749
JAVA;Select Java in memory;194000;1000;62,024366
JAVA;Select Java in memory;195000;1000;61,770991
JAVA;Select Java in memory;196000;1000;63,888184
JAVA;Select Java in memory;197000;1000;66,41244
JAVA;Select Java in memory;198000;1000;60,873117
JAVA;Select Java in memory;199000;1000;64,01353
JAVA;Select Java in memory;200000;1000;68,245997
JAVA;Select Java in memory;201000;1000;66,706741
JAVA;Select Java in memory;202000;1000;65,445553
JAVA;Select Java in memory;203000;1000;62,386422
JAVA;Select Java in memory;204000;1000;66,718986
JAVA;Select Java in memory;205000;1000;64,36243
JAVA;Select Java in memory;206000;1000;68,285635
JAVA;Select Java in memory;207000;1000;65,061569
JAVA;Select Java in memory;208000;1000;67,59471
JAVA;Select Java in memory;209000;1000;69,845314
JAVA;Select Java in memory;210000;1000;66,728882
JAVA;Select Java in memory;211000;1000;68,788598
JAVA;Select Java in memory;212000;1000;67,883575
JAVA;Select Java in memory;213000;1000;69,79795
JAVA;Select Java in memory;214000;1000;70,792124
JAVA;Select Java in memory;215000;1000;69,9123
JAVA;Select Java in memory;216000;1000;69,468497
JAVA;Select Java in memory;217000;1000;72,320685
JAVA;Select Java in memory;218000;1000;70,125317
JAVA;Select Java in memory;219000;1000;68,645623
JAVA;Select Java in memory;220000;1000;71,802201
JAVA;Select Java in memory;221000;1000;72,497689
JAVA;Select Java in memory;222000;1000;72,107185
JAVA;Select Java in memory;223000;1000;76,992021
JAVA;Select Java in memory;224000;1000;74,728172
JAVA;Select Java in memory;225000;1000;74,913344
JAVA;Select Java in memory;226000;1000;73,680915
JAVA;Select Java in memory;227000;1000;76,990336
JAVA;Select Java in memory;228000;1000;73,600269
JAVA;Select Java in memory;229000;1000;76,930015
JAVA;Select Java in memory;230000;1000;76,139418
JAVA;Select Java in memory;231000;1000;73,620067
JAVA;Select Java in memory;232000;1000;75,014238
JAVA;Select Java in memory;233000;1000;74,408164
JAVA;Select Java in memory;234000;1000;77,076392
JAVA;Select Java in memory;235000;1000;78,412535
JAVA;Select Java in memory;236000;1000;75,67133
JAVA;Select Java in memory;237000;1000;77,005181
JAVA;Select Java in memory;238000;1000;78,423653
JAVA;Select Java in memory;239000;1000;76,258809
JAVA;Select Java in memory;240000;1000;74,305551
JAVA;Select Java in memory;241000;1000;78,093564
JAVA;Select Java in memory;242000;1000;80,405861
JAVA;Select Java in memory;243000;1000;78,025475
JAVA;Select Java in memory;244000;1000;77,752249
JAVA;Select Java in memory;245000;1000;78,393564
JAVA;Select Java in memory;246000;1000;78,087943
JAVA;Select Java in memory;247000;1000;80,367411
JAVA;Select Java in memory;248000;1000;80,940099
JAVA;Select Java in memory;249000;1000;83,66461
JAVA;Select Java in memory;250000;1000;80,717781
