JAVA;Select Java in memory;100;0;296,317400;
JAVA;Select Java in memory;1000;0;386,522890;
JAVA;Select Java in memory;2000;0;492,685185;
JAVA;Select Java in memory;3000;0;534,746332;
JAVA;Select Java in memory;4000;0;661,934195;
JAVA;Select Java in memory;5000;0;793,821478;
JAVA;Select Java in memory;6000;0;831,752268;
JAVA;Select Java in memory;7000;0;946,227480;
JAVA;Select Java in memory;8000;0;1015,755618;
JAVA;Select Java in memory;9000;0;1120,158324;
JAVA;Select Java in memory;10000;0;1200,723227;
JAVA;Select Java in memory;11000;0;1264,311816;
JAVA;Select Java in memory;12000;0;1380,270524;
JAVA;Select Java in memory;13000;0;1476,426784;
JAVA;Select Java in memory;14000;0;1546,678914;
JAVA;Select Java in memory;15000;0;1600,884792;
JAVA;Select Java in memory;16000;0;1754,590049;
JAVA;Select Java in memory;17000;0;1833,416807;
JAVA;Select Java in memory;18000;0;1900,544310;
JAVA;Select Java in memory;19000;0;2013,697626;
JAVA;Select Java in memory;20000;0;2071,460664;
JAVA;Select Java in memory;21000;0;2192,768063;
JAVA;Select Java in memory;22000;0;2254,299035;
JAVA;Select Java in memory;23000;0;2382,375649;
JAVA;Select Java in memory;24000;0;2483,410332;
JAVA;Select Java in memory;25000;0;2527,257772;
JAVA;Select Java in memory;26000;0;2658,441942;
JAVA;Select Java in memory;27000;0;2731,011190;
JAVA;Select Java in memory;28000;0;2850,261354;
JAVA;Select Java in memory;29000;0;2934,288313;
JAVA;Select Java in memory;30000;0;3036,143544;
JAVA;Select Java in memory;31000;0;3155,698185;
JAVA;Select Java in memory;32000;0;3224,729646;
JAVA;Select Java in memory;33000;0;3334,791132;
JAVA;Select Java in memory;34000;0;3422,610641;
JAVA;Select Java in memory;35000;0;3478,814773;
JAVA;Select Java in memory;36000;0;3632,446373;
JAVA;Select Java in memory;37000;0;3698,319389;
JAVA;Select Java in memory;38000;0;3819,442379;
JAVA;Select Java in memory;39000;0;3905,522995;
JAVA;Select Java in memory;40000;0;4042,070801;
JAVA;Select Java in memory;41000;0;4093,973061;
JAVA;Select Java in memory;42000;0;4165,898444;
JAVA;Select Java in memory;43000;0;4260,428080;
JAVA;Select Java in memory;44000;0;4346,373523;
JAVA;Select Java in memory;45000;0;4457,001073;
JAVA;Select Java in memory;46000;0;4497,065450;
JAVA;Select Java in memory;47000;0;4619,848389;
JAVA;Select Java in memory;48000;0;4692,545298;
JAVA;Select Java in memory;49000;0;4765,949709;
JAVA;Select Java in memory;50000;0;4834,268772;
JAVA;Select Java in memory;51000;0;4869,658577;
JAVA;Select Java in memory;52000;0;5029,557582;
JAVA;Select Java in memory;53000;0;5117,956596;
JAVA;Select Java in memory;54000;0;5209,649637;
JAVA;Select Java in memory;55000;0;5381,863943;
JAVA;Select Java in memory;56000;0;5423,044994;
JAVA;Select Java in memory;57000;0;5493,902750;
JAVA;Select Java in memory;58000;0;5550,047884;
JAVA;Select Java in memory;59000;0;5600,331361;
JAVA;Select Java in memory;60000;0;5797,517265;
JAVA;Select Java in memory;61000;0;5879,045752;
JAVA;Select Java in memory;62000;0;5956,016420;
JAVA;Select Java in memory;63000;0;5937,722385;
JAVA;Select Java in memory;64000;0;6183,906394;
JAVA;Select Java in memory;65000;0;6188,257548;
JAVA;Select Java in memory;66000;0;6320,090787;
JAVA;Select Java in memory;67000;0;6408,094041;
JAVA;Select Java in memory;68000;0;6531,977527;
JAVA;Select Java in memory;69000;0;6550,324895;
JAVA;Select Java in memory;70000;0;6723,042011;
JAVA;Select Java in memory;71000;0;6850,509251;
JAVA;Select Java in memory;72000;0;6836,827012;
JAVA;Select Java in memory;73000;0;6965,993966;
JAVA;Select Java in memory;74000;0;7080,493602;
JAVA;Select Java in memory;75000;0;7181,597303;
JAVA;Select Java in memory;76000;0;7155,114063;
JAVA;Select Java in memory;77000;0;7283,053839;
JAVA;Select Java in memory;78000;0;7497,374575;
JAVA;Select Java in memory;79000;0;7506,258537;
JAVA;Select Java in memory;80000;0;7648,470902;
JAVA;Select Java in memory;81000;0;7761,145516;
JAVA;Select Java in memory;82000;0;7754,940102;
JAVA;Select Java in memory;83000;0;7811,684593;
JAVA;Select Java in memory;84000;0;7986,354535;
JAVA;Select Java in memory;85000;0;8123,427173;
JAVA;Select Java in memory;86000;0;8249,062445;
JAVA;Select Java in memory;87000;0;8296,102409;
JAVA;Select Java in memory;88000;0;8407,499159;
JAVA;Select Java in memory;89000;0;8464,273855;
JAVA;Select Java in memory;90000;0;8574,823501;
JAVA;Select Java in memory;91000;0;8694,545373;
JAVA;Select Java in memory;92000;0;8733,183970;
JAVA;Select Java in memory;93000;0;8853,534723;
JAVA;Select Java in memory;94000;0;8905,351305;
JAVA;Select Java in memory;95000;0;8999,101745;
JAVA;Select Java in memory;96000;0;9210,512028;
JAVA;Select Java in memory;97000;0;9281,121462;
JAVA;Select Java in memory;98000;0;9345,172403;
JAVA;Select Java in memory;99000;0;9380,344598;
JAVA;Select Java in memory;100000;0;9599,154423;
JAVA;Select Java in memory;101000;0;9626,234651;
JAVA;Select Java in memory;102000;0;9699,635857;
JAVA;Select Java in memory;103000;0;9826,522035;
JAVA;Select Java in memory;104000;0;10022,740030;
JAVA;Select Java in memory;105000;0;10026,320159;
JAVA;Select Java in memory;106000;0;10146,707303;
JAVA;Select Java in memory;107000;0;10239,215691;
JAVA;Select Java in memory;108000;0;10330,269209;
JAVA;Select Java in memory;109000;0;10393,410237;
JAVA;Select Java in memory;110000;0;10615,637759;
JAVA;Select Java in memory;111000;0;10698,858960;
JAVA;Select Java in memory;112000;0;10690,962285;
JAVA;Select Java in memory;113000;0;10846,049897;
JAVA;Select Java in memory;114000;0;10852,041984;
JAVA;Select Java in memory;115000;0;10968,173619;
JAVA;Select Java in memory;116000;0;11041,040581;
JAVA;Select Java in memory;117000;0;11241,441410;
JAVA;Select Java in memory;118000;0;11476,872829;
JAVA;Select Java in memory;119000;0;11411,331745;
JAVA;Select Java in memory;120000;0;11524,601331;
JAVA;Select Java in memory;121000;0;11583,320664;
JAVA;Select Java in memory;122000;0;11648,645599;
JAVA;Select Java in memory;123000;0;11802,920210;
JAVA;Select Java in memory;124000;0;11838,154058;
JAVA;Select Java in memory;125000;0;11993,687416;
JAVA;Select Java in memory;126000;0;12108,897063;
JAVA;Select Java in memory;127000;0;12134,753387;
JAVA;Select Java in memory;128000;0;12265,434866;
JAVA;Select Java in memory;129000;0;12277,139212;
JAVA;Select Java in memory;130000;0;12461,097368;
JAVA;Select Java in memory;131000;0;12435,394257;
JAVA;Select Java in memory;132000;0;12652,361118;
JAVA;Select Java in memory;133000;0;12740,173471;
JAVA;Select Java in memory;134000;0;12724,790655;
JAVA;Select Java in memory;135000;0;12988,222869;
JAVA;Select Java in memory;136000;0;12914,549856;
JAVA;Select Java in memory;137000;0;13040,311237;
JAVA;Select Java in memory;138000;0;13190,101998;
JAVA;Select Java in memory;139000;0;13325,352481;
JAVA;Select Java in memory;140000;0;13290,311678;
JAVA;Select Java in memory;141000;0;13417,593279;
JAVA;Select Java in memory;142000;0;13530,035547;
JAVA;Select Java in memory;143000;0;13650,129367;
JAVA;Select Java in memory;144000;0;13664,807902;
JAVA;Select Java in memory;145000;0;13751,484493;
JAVA;Select Java in memory;146000;0;13916,639639;
JAVA;Select Java in memory;147000;0;13997,119318;
JAVA;Select Java in memory;148000;0;14096,489921;
JAVA;Select Java in memory;149000;0;14200,055393;
JAVA;Select Java in memory;150000;0;14178,876031;
JAVA;Select Java in memory;151000;0;14408,626901;
JAVA;Select Java in memory;152000;0;14450,142875;
JAVA;Select Java in memory;153000;0;14511,265613;
JAVA;Select Java in memory;154000;0;14565,609060;
JAVA;Select Java in memory;155000;0;14668,201661;
JAVA;Select Java in memory;156000;0;14769,925455;
JAVA;Select Java in memory;157000;0;14881,493244;
JAVA;Select Java in memory;158000;0;14951,732218;
JAVA;Select Java in memory;159000;0;15184,516538;
JAVA;Select Java in memory;160000;0;15146,407699;
JAVA;Select Java in memory;161000;0;15279,800562;
JAVA;Select Java in memory;162000;0;15369,354271;
JAVA;Select Java in memory;163000;0;15436,113307;
JAVA;Select Java in memory;164000;0;15479,319087;
JAVA;Select Java in memory;165000;0;15589,267799;
JAVA;Select Java in memory;166000;0;15698,526583;
JAVA;Select Java in memory;167000;0;15757,571218;
JAVA;Select Java in memory;168000;0;15944,727997;
JAVA;Select Java in memory;169000;0;16005,921390;
JAVA;Select Java in memory;170000;0;16129,830028;
JAVA;Select Java in memory;171000;0;16100,324373;
JAVA;Select Java in memory;172000;0;16180,656222;
JAVA;Select Java in memory;173000;0;16325,038092;
JAVA;Select Java in memory;174000;0;16457,704696;
JAVA;Select Java in memory;175000;0;16488,499429;
JAVA;Select Java in memory;176000;0;16693,734928;
JAVA;Select Java in memory;177000;0;16700,281624;
JAVA;Select Java in memory;178000;0;16960,100843;
JAVA;Select Java in memory;179000;0;16878,162205;
JAVA;Select Java in memory;180000;0;16940,595077;
JAVA;Select Java in memory;181000;0;17112,372072;
JAVA;Select Java in memory;182000;0;17113,313998;
JAVA;Select Java in memory;183000;0;17241,978965;
JAVA;Select Java in memory;184000;0;17358,484618;
JAVA;Select Java in memory;185000;0;17366,827040;
JAVA;Select Java in memory;186000;0;17606,020628;
JAVA;Select Java in memory;187000;0;17532,775084;
JAVA;Select Java in memory;188000;0;17658,270920;
JAVA;Select Java in memory;189000;0;17833,623415;
JAVA;Select Java in memory;190000;0;17918,449871;
JAVA;Select Java in memory;191000;0;18054,418060;
JAVA;Select Java in memory;192000;0;18033,814914;
JAVA;Select Java in memory;193000;0;18136,715663;
JAVA;Select Java in memory;194000;0;18322,197036;
JAVA;Select Java in memory;195000;0;18460,439173;
JAVA;Select Java in memory;196000;0;18455,147385;
JAVA;Select Java in memory;197000;0;18583,130955;
JAVA;Select Java in memory;198000;0;18575,366536;
JAVA;Select Java in memory;199000;0;18803,526655;
JAVA;Select Java in memory;200000;0;18859,780013;
JAVA;Select Java in memory;201000;0;18946,353066;
JAVA;Select Java in memory;202000;0;19124,121480;
JAVA;Select Java in memory;203000;0;19134,023413;
JAVA;Select Java in memory;204000;0;19163,338234;
JAVA;Select Java in memory;205000;0;19322,780096;
JAVA;Select Java in memory;206000;0;19388,953665;
JAVA;Select Java in memory;207000;0;19519,094413;
JAVA;Select Java in memory;208000;0;19627,815987;
JAVA;Select Java in memory;209000;0;19703,025593;
JAVA;Select Java in memory;210000;0;19828,453565;
JAVA;Select Java in memory;211000;0;19893,638763;
JAVA;Select Java in memory;212000;0;19920,781587;
JAVA;Select Java in memory;213000;0;20134,527453;
JAVA;Select Java in memory;214000;0;20121,941241;
JAVA;Select Java in memory;215000;0;20281,209203;
JAVA;Select Java in memory;216000;0;20392,930667;
JAVA;Select Java in memory;217000;0;20446,078395;
JAVA;Select Java in memory;218000;0;20596,314090;
JAVA;Select Java in memory;219000;0;20697,103912;
JAVA;Select Java in memory;220000;0;20777,273724;
JAVA;Select Java in memory;221000;0;20851,687133;
JAVA;Select Java in memory;222000;0;21016,891632;
JAVA;Select Java in memory;223000;0;21074,830076;
JAVA;Select Java in memory;224000;0;21193,439338;
JAVA;Select Java in memory;225000;0;21376,936984;
JAVA;Select Java in memory;226000;0;21446,344705;
JAVA;Select Java in memory;227000;0;21584,582320;
JAVA;Select Java in memory;228000;0;21619,214021;
JAVA;Select Java in memory;229000;0;21687,949713;
JAVA;Select Java in memory;230000;0;21818,359500;
JAVA;Select Java in memory;231000;0;22022,545092;
JAVA;Select Java in memory;232000;0;22105,985630;
JAVA;Select Java in memory;233000;0;22173,386438;
JAVA;Select Java in memory;234000;0;22202,091288;
JAVA;Select Java in memory;235000;0;22256,262111;
JAVA;Select Java in memory;236000;0;22566,746382;
JAVA;Select Java in memory;237000;0;22687,323455;
JAVA;Select Java in memory;238000;0;22750,187136;
JAVA;Select Java in memory;239000;0;22771,290521;
JAVA;Select Java in memory;240000;0;22933,822456;
JAVA;Select Java in memory;241000;0;23066,345892;
JAVA;Select Java in memory;242000;0;23104,254958;
JAVA;Select Java in memory;243000;0;23282,218313;
JAVA;Select Java in memory;244000;0;23469,332202;
JAVA;Select Java in memory;245000;0;23491,456609;
JAVA;Select Java in memory;246000;0;23596,829755;
JAVA;Select Java in memory;247000;0;23813,811274;
JAVA;Select Java in memory;248000;0;23826,468870;
JAVA;Select Java in memory;249000;0;24098,206457;
JAVA;Select Java in memory;250000;0;24053,222608;

JAVA;Select Java in memory;100;1;0,705465;
JAVA;Select Java in memory;1000;1;2,535254;
JAVA;Select Java in memory;2000;1;2,686769;
JAVA;Select Java in memory;3000;1;2,696358;
JAVA;Select Java in memory;4000;1;3,003930;
JAVA;Select Java in memory;5000;1;4,593626;
JAVA;Select Java in memory;6000;1;3,779971;
JAVA;Select Java in memory;7000;1;6,500542;
JAVA;Select Java in memory;8000;1;6,392585;
JAVA;Select Java in memory;9000;1;5,660086;
JAVA;Select Java in memory;10000;1;6,716422;
JAVA;Select Java in memory;11000;1;5,755436;
JAVA;Select Java in memory;12000;1;6,440686;
JAVA;Select Java in memory;13000;1;4,705796;
JAVA;Select Java in memory;14000;1;4,407110;
JAVA;Select Java in memory;15000;1;3,566364;
JAVA;Select Java in memory;16000;1;4,882590;
JAVA;Select Java in memory;17000;1;4,922974;
JAVA;Select Java in memory;18000;1;5,881572;
JAVA;Select Java in memory;19000;1;6,858437;
JAVA;Select Java in memory;20000;1;10,814582;
JAVA;Select Java in memory;21000;1;11,482303;
JAVA;Select Java in memory;22000;1;12,237594;
JAVA;Select Java in memory;23000;1;12,638349;
JAVA;Select Java in memory;24000;1;11,186975;
JAVA;Select Java in memory;25000;1;14,227660;
JAVA;Select Java in memory;26000;1;13,345997;
JAVA;Select Java in memory;27000;1;13,131063;
JAVA;Select Java in memory;28000;1;13,338556;
JAVA;Select Java in memory;29000;1;14,869633;
JAVA;Select Java in memory;30000;1;13,122714;
JAVA;Select Java in memory;31000;1;15,723528;
JAVA;Select Java in memory;32000;1;14,411676;
JAVA;Select Java in memory;33000;1;16,016387;
JAVA;Select Java in memory;34000;1;17,406639;
JAVA;Select Java in memory;35000;1;17,887666;
JAVA;Select Java in memory;36000;1;17,191394;
JAVA;Select Java in memory;37000;1;18,398355;
JAVA;Select Java in memory;38000;1;18,706343;
JAVA;Select Java in memory;39000;1;16,021900;
JAVA;Select Java in memory;40000;1;17,184608;
JAVA;Select Java in memory;41000;1;17,985252;
JAVA;Select Java in memory;42000;1;20,121241;
JAVA;Select Java in memory;43000;1;20,025283;
JAVA;Select Java in memory;44000;1;17,655623;
JAVA;Select Java in memory;45000;1;21,651151;
JAVA;Select Java in memory;46000;1;20,567850;
JAVA;Select Java in memory;47000;1;21,790619;
JAVA;Select Java in memory;48000;1;20,185769;
JAVA;Select Java in memory;49000;1;24,050880;
JAVA;Select Java in memory;50000;1;22,707029;
JAVA;Select Java in memory;51000;1;23,162638;
JAVA;Select Java in memory;52000;1;22,200935;
JAVA;Select Java in memory;53000;1;23,660443;
JAVA;Select Java in memory;54000;1;26,167443;
JAVA;Select Java in memory;55000;1;24,145461;
JAVA;Select Java in memory;56000;1;22,934355;
JAVA;Select Java in memory;57000;1;24,619296;
JAVA;Select Java in memory;58000;1;25,239919;
JAVA;Select Java in memory;59000;1;25,828787;
JAVA;Select Java in memory;60000;1;23,912261;
JAVA;Select Java in memory;61000;1;25,176540;
JAVA;Select Java in memory;62000;1;25,027007;
JAVA;Select Java in memory;63000;1;24,746096;
JAVA;Select Java in memory;64000;1;26,252799;
JAVA;Select Java in memory;65000;1;26,827229;
JAVA;Select Java in memory;66000;1;25,503696;
JAVA;Select Java in memory;67000;1;26,965125;
JAVA;Select Java in memory;68000;1;26,623951;
JAVA;Select Java in memory;69000;1;28,074269;
JAVA;Select Java in memory;70000;1;28,520228;
JAVA;Select Java in memory;71000;1;28,521081;
JAVA;Select Java in memory;72000;1;31,358955;
JAVA;Select Java in memory;73000;1;31,954475;
JAVA;Select Java in memory;74000;1;30,532022;
JAVA;Select Java in memory;75000;1;28,760259;
JAVA;Select Java in memory;76000;1;32,434755;
JAVA;Select Java in memory;77000;1;31,073423;
JAVA;Select Java in memory;78000;1;29,671888;
JAVA;Select Java in memory;79000;1;31,189610;
JAVA;Select Java in memory;80000;1;31,484250;
JAVA;Select Java in memory;81000;1;32,007995;
JAVA;Select Java in memory;82000;1;31,886493;
JAVA;Select Java in memory;83000;1;32,157750;
JAVA;Select Java in memory;84000;1;33,719920;
JAVA;Select Java in memory;85000;1;32,546527;
JAVA;Select Java in memory;86000;1;32,834997;
JAVA;Select Java in memory;87000;1;33,821057;
JAVA;Select Java in memory;88000;1;33,528914;
JAVA;Select Java in memory;89000;1;35,274534;
JAVA;Select Java in memory;90000;1;34,156316;
JAVA;Select Java in memory;91000;1;35,155762;
JAVA;Select Java in memory;92000;1;32,638215;
JAVA;Select Java in memory;93000;1;36,955197;
JAVA;Select Java in memory;94000;1;32,210605;
JAVA;Select Java in memory;95000;1;31,879656;
JAVA;Select Java in memory;96000;1;36,629350;
JAVA;Select Java in memory;97000;1;37,356144;
JAVA;Select Java in memory;98000;1;36,765273;
JAVA;Select Java in memory;99000;1;36,332805;
JAVA;Select Java in memory;100000;1;34,500490;
JAVA;Select Java in memory;101000;1;37,133518;
JAVA;Select Java in memory;102000;1;35,963499;
JAVA;Select Java in memory;103000;1;36,546664;
JAVA;Select Java in memory;104000;1;38,354634;
JAVA;Select Java in memory;105000;1;39,217551;
JAVA;Select Java in memory;106000;1;38,411966;
JAVA;Select Java in memory;107000;1;37,837810;
JAVA;Select Java in memory;108000;1;37,410588;
JAVA;Select Java in memory;109000;1;40,287438;
JAVA;Select Java in memory;110000;1;42,602648;
JAVA;Select Java in memory;111000;1;38,729274;
JAVA;Select Java in memory;112000;1;42,757027;
JAVA;Select Java in memory;113000;1;40,386086;
JAVA;Select Java in memory;114000;1;40,890470;
JAVA;Select Java in memory;115000;1;40,006561;
JAVA;Select Java in memory;116000;1;39,676260;
JAVA;Select Java in memory;117000;1;40,856728;
JAVA;Select Java in memory;118000;1;38,864030;
JAVA;Select Java in memory;119000;1;42,444758;
JAVA;Select Java in memory;120000;1;43,933496;
JAVA;Select Java in memory;121000;1;43,410492;
JAVA;Select Java in memory;122000;1;42,779736;
JAVA;Select Java in memory;123000;1;43,171209;
JAVA;Select Java in memory;124000;1;42,238634;
JAVA;Select Java in memory;125000;1;43,008289;
JAVA;Select Java in memory;126000;1;43,530211;
JAVA;Select Java in memory;127000;1;45,699605;
JAVA;Select Java in memory;128000;1;47,208360;
JAVA;Select Java in memory;129000;1;45,418602;
JAVA;Select Java in memory;130000;1;43,655348;
JAVA;Select Java in memory;131000;1;45,149367;
JAVA;Select Java in memory;132000;1;45,890744;
JAVA;Select Java in memory;133000;1;43,048679;
JAVA;Select Java in memory;134000;1;46,378259;
JAVA;Select Java in memory;135000;1;45,091319;
JAVA;Select Java in memory;136000;1;45,065264;
JAVA;Select Java in memory;137000;1;44,460988;
JAVA;Select Java in memory;138000;1;46,147785;
JAVA;Select Java in memory;139000;1;45,393909;
JAVA;Select Java in memory;140000;1;46,013939;
JAVA;Select Java in memory;141000;1;45,623480;
JAVA;Select Java in memory;142000;1;45,528144;
JAVA;Select Java in memory;143000;1;47,371658;
JAVA;Select Java in memory;144000;1;49,990437;
JAVA;Select Java in memory;145000;1;48,315764;
JAVA;Select Java in memory;146000;1;48,195418;
JAVA;Select Java in memory;147000;1;47,862175;
JAVA;Select Java in memory;148000;1;47,850754;
JAVA;Select Java in memory;149000;1;50,293796;
JAVA;Select Java in memory;150000;1;47,570886;
JAVA;Select Java in memory;151000;1;49,582086;
JAVA;Select Java in memory;152000;1;51,586823;
JAVA;Select Java in memory;153000;1;50,577481;
JAVA;Select Java in memory;154000;1;52,703894;
JAVA;Select Java in memory;155000;1;51,048436;
JAVA;Select Java in memory;156000;1;52,090242;
JAVA;Select Java in memory;157000;1;51,856833;
JAVA;Select Java in memory;158000;1;52,122711;
JAVA;Select Java in memory;159000;1;51,797657;
JAVA;Select Java in memory;160000;1;51,193890;
JAVA;Select Java in memory;161000;1;52,357348;
JAVA;Select Java in memory;162000;1;52,015731;
JAVA;Select Java in memory;163000;1;53,999521;
JAVA;Select Java in memory;164000;1;52,798924;
JAVA;Select Java in memory;165000;1;54,058964;
JAVA;Select Java in memory;166000;1;54,060083;
JAVA;Select Java in memory;167000;1;53,836552;
JAVA;Select Java in memory;168000;1;55,868097;
JAVA;Select Java in memory;169000;1;54,265433;
JAVA;Select Java in memory;170000;1;59,489655;
JAVA;Select Java in memory;171000;1;56,950071;
JAVA;Select Java in memory;172000;1;56,956290;
JAVA;Select Java in memory;173000;1;56,074004;
JAVA;Select Java in memory;174000;1;56,864079;
JAVA;Select Java in memory;175000;1;55,629121;
JAVA;Select Java in memory;176000;1;55,874234;
JAVA;Select Java in memory;177000;1;57,479478;
JAVA;Select Java in memory;178000;1;57,162633;
JAVA;Select Java in memory;179000;1;54,979833;
JAVA;Select Java in memory;180000;1;54,610992;
JAVA;Select Java in memory;181000;1;58,678832;
JAVA;Select Java in memory;182000;1;54,980095;
JAVA;Select Java in memory;183000;1;57,421394;
JAVA;Select Java in memory;184000;1;58,764676;
JAVA;Select Java in memory;185000;1;57,286966;
JAVA;Select Java in memory;186000;1;57,604658;
JAVA;Select Java in memory;187000;1;60,301427;
JAVA;Select Java in memory;188000;1;59,485228;
JAVA;Select Java in memory;189000;1;59,664124;
JAVA;Select Java in memory;190000;1;57,907000;
JAVA;Select Java in memory;191000;1;60,787069;
JAVA;Select Java in memory;192000;1;62,268758;
JAVA;Select Java in memory;193000;1;63,563792;
JAVA;Select Java in memory;194000;1;62,700342;
JAVA;Select Java in memory;195000;1;60,734906;
JAVA;Select Java in memory;196000;1;60,556430;
JAVA;Select Java in memory;197000;1;63,104895;
JAVA;Select Java in memory;198000;1;61,255337;
JAVA;Select Java in memory;199000;1;61,066614;
JAVA;Select Java in memory;200000;1;62,906478;
JAVA;Select Java in memory;201000;1;63,589181;
JAVA;Select Java in memory;202000;1;62,642536;
JAVA;Select Java in memory;203000;1;61,306347;
JAVA;Select Java in memory;204000;1;62,975061;
JAVA;Select Java in memory;205000;1;63,155618;
JAVA;Select Java in memory;206000;1;63,230416;
JAVA;Select Java in memory;207000;1;68,393890;
JAVA;Select Java in memory;208000;1;65,966679;
JAVA;Select Java in memory;209000;1;66,630553;
JAVA;Select Java in memory;210000;1;64,141980;
JAVA;Select Java in memory;211000;1;65,031778;
JAVA;Select Java in memory;212000;1;63,218614;
JAVA;Select Java in memory;213000;1;65,388738;
JAVA;Select Java in memory;214000;1;67,358613;
JAVA;Select Java in memory;215000;1;64,649827;
JAVA;Select Java in memory;216000;1;67,680744;
JAVA;Select Java in memory;217000;1;67,880722;
JAVA;Select Java in memory;218000;1;71,403140;
JAVA;Select Java in memory;219000;1;68,290631;
JAVA;Select Java in memory;220000;1;67,836354;
JAVA;Select Java in memory;221000;1;68,849368;
JAVA;Select Java in memory;222000;1;68,654966;
JAVA;Select Java in memory;223000;1;67,498644;
JAVA;Select Java in memory;224000;1;69,432136;
JAVA;Select Java in memory;225000;1;68,623435;
JAVA;Select Java in memory;226000;1;70,559396;
JAVA;Select Java in memory;227000;1;69,587369;
JAVA;Select Java in memory;228000;1;69,832472;
JAVA;Select Java in memory;229000;1;71,414397;
JAVA;Select Java in memory;230000;1;73,324976;
JAVA;Select Java in memory;231000;1;73,481435;
JAVA;Select Java in memory;232000;1;71,229843;
JAVA;Select Java in memory;233000;1;72,738166;
JAVA;Select Java in memory;234000;1;74,133217;
JAVA;Select Java in memory;235000;1;73,837520;
JAVA;Select Java in memory;236000;1;73,000945;
JAVA;Select Java in memory;237000;1;73,242324;
JAVA;Select Java in memory;238000;1;75,286088;
JAVA;Select Java in memory;239000;1;75,070998;
JAVA;Select Java in memory;240000;1;76,470800;
JAVA;Select Java in memory;241000;1;74,079005;
JAVA;Select Java in memory;242000;1;76,092314;
JAVA;Select Java in memory;243000;1;76,726034;
JAVA;Select Java in memory;244000;1;75,696351;
JAVA;Select Java in memory;245000;1;77,910233;
JAVA;Select Java in memory;246000;1;75,978774;
JAVA;Select Java in memory;247000;1;76,196604;
JAVA;Select Java in memory;248000;1;77,764813;
JAVA;Select Java in memory;249000;1;76,623310;
JAVA;Select Java in memory;250000;1;76,650292;

JAVA;Select Java in memory;100;10;0,699387;
JAVA;Select Java in memory;1000;10;0,871377;
JAVA;Select Java in memory;2000;10;1,649875;
JAVA;Select Java in memory;3000;10;3,363226;
JAVA;Select Java in memory;4000;10;3,037382;
JAVA;Select Java in memory;5000;10;3,008932;
JAVA;Select Java in memory;6000;10;4,663502;
JAVA;Select Java in memory;7000;10;5,069601;
JAVA;Select Java in memory;8000;10;6,686610;
JAVA;Select Java in memory;9000;10;7,033606;
JAVA;Select Java in memory;10000;10;6,579461;
JAVA;Select Java in memory;11000;10;6,963017;
JAVA;Select Java in memory;12000;10;6,996601;
JAVA;Select Java in memory;13000;10;6,326475;
JAVA;Select Java in memory;14000;10;7,469684;
JAVA;Select Java in memory;15000;10;6,870369;
JAVA;Select Java in memory;16000;10;6,964419;
JAVA;Select Java in memory;17000;10;6,287618;
JAVA;Select Java in memory;18000;10;7,198693;
JAVA;Select Java in memory;19000;10;10,608751;
JAVA;Select Java in memory;20000;10;10,673875;
JAVA;Select Java in memory;21000;10;14,298425;
JAVA;Select Java in memory;22000;10;8,221605;
JAVA;Select Java in memory;23000;10;9,054410;
JAVA;Select Java in memory;24000;10;11,096898;
JAVA;Select Java in memory;25000;10;11,422524;
JAVA;Select Java in memory;26000;10;11,727275;
JAVA;Select Java in memory;27000;10;11,905651;
JAVA;Select Java in memory;28000;10;11,110617;
JAVA;Select Java in memory;29000;10;14,489704;
JAVA;Select Java in memory;30000;10;17,948082;
JAVA;Select Java in memory;31000;10;18,610772;
JAVA;Select Java in memory;32000;10;17,866165;
JAVA;Select Java in memory;33000;10;19,795672;
JAVA;Select Java in memory;34000;10;13,711830;
JAVA;Select Java in memory;35000;10;20,439370;
JAVA;Select Java in memory;36000;10;18,708518;
JAVA;Select Java in memory;37000;10;12,887532;
JAVA;Select Java in memory;38000;10;19,780935;
JAVA;Select Java in memory;39000;10;18,306706;
JAVA;Select Java in memory;40000;10;18,381306;
JAVA;Select Java in memory;41000;10;21,859086;
JAVA;Select Java in memory;42000;10;18,906916;
JAVA;Select Java in memory;43000;10;19,944382;
JAVA;Select Java in memory;44000;10;21,477347;
JAVA;Select Java in memory;45000;10;20,981599;
JAVA;Select Java in memory;46000;10;25,745737;
JAVA;Select Java in memory;47000;10;20,413607;
JAVA;Select Java in memory;48000;10;20,104344;
JAVA;Select Java in memory;49000;10;22,861850;
JAVA;Select Java in memory;50000;10;22,700192;
JAVA;Select Java in memory;51000;10;22,831604;
JAVA;Select Java in memory;52000;10;23,127220;
JAVA;Select Java in memory;53000;10;22,306604;
JAVA;Select Java in memory;54000;10;23,714588;
JAVA;Select Java in memory;55000;10;25,688431;
JAVA;Select Java in memory;56000;10;23,510765;
JAVA;Select Java in memory;57000;10;24,421531;
JAVA;Select Java in memory;58000;10;24,180857;
JAVA;Select Java in memory;59000;10;25,316759;
JAVA;Select Java in memory;60000;10;24,205537;
JAVA;Select Java in memory;61000;10;23,662581;
JAVA;Select Java in memory;62000;10;27,253670;
JAVA;Select Java in memory;63000;10;28,322258;
JAVA;Select Java in memory;64000;10;27,839739;
JAVA;Select Java in memory;65000;10;31,736354;
JAVA;Select Java in memory;66000;10;27,997048;
JAVA;Select Java in memory;67000;10;30,662528;
JAVA;Select Java in memory;68000;10;27,753074;
JAVA;Select Java in memory;69000;10;26,016369;
JAVA;Select Java in memory;70000;10;29,888685;
JAVA;Select Java in memory;71000;10;31,362959;
JAVA;Select Java in memory;72000;10;31,502130;
JAVA;Select Java in memory;73000;10;28,124164;
JAVA;Select Java in memory;74000;10;26,044148;
JAVA;Select Java in memory;75000;10;31,252232;
JAVA;Select Java in memory;76000;10;30,859902;
JAVA;Select Java in memory;77000;10;33,367142;
JAVA;Select Java in memory;78000;10;32,049301;
JAVA;Select Java in memory;79000;10;32,179839;
JAVA;Select Java in memory;80000;10;30,130155;
JAVA;Select Java in memory;81000;10;32,938238;
JAVA;Select Java in memory;82000;10;28,867805;
JAVA;Select Java in memory;83000;10;34,381161;
JAVA;Select Java in memory;84000;10;28,806394;
JAVA;Select Java in memory;85000;10;35,031820;
JAVA;Select Java in memory;86000;10;37,442875;
JAVA;Select Java in memory;87000;10;32,451245;
JAVA;Select Java in memory;88000;10;31,318226;
JAVA;Select Java in memory;89000;10;39,119154;
JAVA;Select Java in memory;90000;10;36,332927;
JAVA;Select Java in memory;91000;10;32,176356;
JAVA;Select Java in memory;92000;10;35,132520;
JAVA;Select Java in memory;93000;10;37,208700;
JAVA;Select Java in memory;94000;10;34,888526;
JAVA;Select Java in memory;95000;10;37,304016;
JAVA;Select Java in memory;96000;10;36,376412;
JAVA;Select Java in memory;97000;10;33,381279;
JAVA;Select Java in memory;98000;10;37,331280;
JAVA;Select Java in memory;99000;10;37,649038;
JAVA;Select Java in memory;100000;10;36,496368;
JAVA;Select Java in memory;101000;10;40,345577;
JAVA;Select Java in memory;102000;10;35,564229;
JAVA;Select Java in memory;103000;10;37,054530;
JAVA;Select Java in memory;104000;10;36,551927;
JAVA;Select Java in memory;105000;10;38,146179;
JAVA;Select Java in memory;106000;10;40,899009;
JAVA;Select Java in memory;107000;10;38,533073;
JAVA;Select Java in memory;108000;10;39,072717;
JAVA;Select Java in memory;109000;10;39,052484;
JAVA;Select Java in memory;110000;10;41,758027;
JAVA;Select Java in memory;111000;10;41,194113;
JAVA;Select Java in memory;112000;10;40,484710;
JAVA;Select Java in memory;113000;10;44,978570;
JAVA;Select Java in memory;114000;10;39,742265;
JAVA;Select Java in memory;115000;10;39,899954;
JAVA;Select Java in memory;116000;10;42,194494;
JAVA;Select Java in memory;117000;10;42,653116;
JAVA;Select Java in memory;118000;10;39,242090;
JAVA;Select Java in memory;119000;10;42,669484;
JAVA;Select Java in memory;120000;10;43,868596;
JAVA;Select Java in memory;121000;10;42,841875;
JAVA;Select Java in memory;122000;10;42,746541;
JAVA;Select Java in memory;123000;10;39,575852;
JAVA;Select Java in memory;124000;10;41,681416;
JAVA;Select Java in memory;125000;10;41,897434;
JAVA;Select Java in memory;126000;10;41,735866;
JAVA;Select Java in memory;127000;10;48,159293;
JAVA;Select Java in memory;128000;10;47,357273;
JAVA;Select Java in memory;129000;10;43,059457;
JAVA;Select Java in memory;130000;10;47,779084;
JAVA;Select Java in memory;131000;10;48,428624;
JAVA;Select Java in memory;132000;10;48,571352;
JAVA;Select Java in memory;133000;10;44,707943;
JAVA;Select Java in memory;134000;10;46,361100;
JAVA;Select Java in memory;135000;10;44,884636;
JAVA;Select Java in memory;136000;10;42,334319;
JAVA;Select Java in memory;137000;10;48,953824;
JAVA;Select Java in memory;138000;10;46,253295;
JAVA;Select Java in memory;139000;10;45,229447;
JAVA;Select Java in memory;140000;10;50,933444;
JAVA;Select Java in memory;141000;10;47,770467;
JAVA;Select Java in memory;142000;10;46,027784;
JAVA;Select Java in memory;143000;10;48,969224;
JAVA;Select Java in memory;144000;10;51,797576;
JAVA;Select Java in memory;145000;10;52,752493;
JAVA;Select Java in memory;146000;10;48,484410;
JAVA;Select Java in memory;147000;10;49,522962;
JAVA;Select Java in memory;148000;10;56,700552;
JAVA;Select Java in memory;149000;10;53,363322;
JAVA;Select Java in memory;150000;10;47,927498;
JAVA;Select Java in memory;151000;10;52,665221;
JAVA;Select Java in memory;152000;10;48,310418;
JAVA;Select Java in memory;153000;10;50,203505;
JAVA;Select Java in memory;154000;10;49,804637;
JAVA;Select Java in memory;155000;10;50,964521;
JAVA;Select Java in memory;156000;10;52,393260;
JAVA;Select Java in memory;157000;10;54,009705;
JAVA;Select Java in memory;158000;10;51,297531;
JAVA;Select Java in memory;159000;10;54,999181;
JAVA;Select Java in memory;160000;10;51,338291;
JAVA;Select Java in memory;161000;10;50,880867;
JAVA;Select Java in memory;162000;10;52,907700;
JAVA;Select Java in memory;163000;10;54,233933;
JAVA;Select Java in memory;164000;10;53,400376;
JAVA;Select Java in memory;165000;10;53,257782;
JAVA;Select Java in memory;166000;10;54,545713;
JAVA;Select Java in memory;167000;10;56,177635;
JAVA;Select Java in memory;168000;10;55,051329;
JAVA;Select Java in memory;169000;10;57,893894;
JAVA;Select Java in memory;170000;10;55,315354;
JAVA;Select Java in memory;171000;10;59,010017;
JAVA;Select Java in memory;172000;10;58,276363;
JAVA;Select Java in memory;173000;10;58,988355;
JAVA;Select Java in memory;174000;10;61,292431;
JAVA;Select Java in memory;175000;10;55,340576;
JAVA;Select Java in memory;176000;10;58,468006;
JAVA;Select Java in memory;177000;10;58,625542;
JAVA;Select Java in memory;178000;10;57,882167;
JAVA;Select Java in memory;179000;10;58,388219;
JAVA;Select Java in memory;180000;10;58,386413;
JAVA;Select Java in memory;181000;10;57,543019;
JAVA;Select Java in memory;182000;10;60,638993;
JAVA;Select Java in memory;183000;10;58,978523;
JAVA;Select Java in memory;184000;10;59,210796;
JAVA;Select Java in memory;185000;10;59,296867;
JAVA;Select Java in memory;186000;10;63,819975;
JAVA;Select Java in memory;187000;10;62,265248;
JAVA;Select Java in memory;188000;10;61,465906;
JAVA;Select Java in memory;189000;10;61,661684;
JAVA;Select Java in memory;190000;10;62,846706;
JAVA;Select Java in memory;191000;10;57,810520;
JAVA;Select Java in memory;192000;10;64,571227;
JAVA;Select Java in memory;193000;10;60,136599;
JAVA;Select Java in memory;194000;10;64,108867;
JAVA;Select Java in memory;195000;10;65,872515;
JAVA;Select Java in memory;196000;10;65,716858;
JAVA;Select Java in memory;197000;10;64,096652;
JAVA;Select Java in memory;198000;10;67,507753;
JAVA;Select Java in memory;199000;10;63,740142;
JAVA;Select Java in memory;200000;10;67,922846;
JAVA;Select Java in memory;201000;10;63,713633;
JAVA;Select Java in memory;202000;10;67,860722;
JAVA;Select Java in memory;203000;10;66,348475;
JAVA;Select Java in memory;204000;10;66,630706;
JAVA;Select Java in memory;205000;10;64,361473;
JAVA;Select Java in memory;206000;10;62,040153;
JAVA;Select Java in memory;207000;10;70,845734;
JAVA;Select Java in memory;208000;10;68,200294;
JAVA;Select Java in memory;209000;10;65,626928;
JAVA;Select Java in memory;210000;10;64,268756;
JAVA;Select Java in memory;211000;10;73,235696;
JAVA;Select Java in memory;212000;10;69,549684;
JAVA;Select Java in memory;213000;10;67,186742;
JAVA;Select Java in memory;214000;10;72,222012;
JAVA;Select Java in memory;215000;10;67,303355;
JAVA;Select Java in memory;216000;10;71,470188;
JAVA;Select Java in memory;217000;10;70,061769;
JAVA;Select Java in memory;218000;10;71,519749;
JAVA;Select Java in memory;219000;10;74,032799;
JAVA;Select Java in memory;220000;10;75,217520;
JAVA;Select Java in memory;221000;10;76,113010;
JAVA;Select Java in memory;222000;10;70,257378;
JAVA;Select Java in memory;223000;10;71,364254;
JAVA;Select Java in memory;224000;10;74,126598;
JAVA;Select Java in memory;225000;10;71,229177;
JAVA;Select Java in memory;226000;10;70,520073;
JAVA;Select Java in memory;227000;10;75,919965;
JAVA;Select Java in memory;228000;10;73,116946;
JAVA;Select Java in memory;229000;10;74,287742;
JAVA;Select Java in memory;230000;10;71,950267;
JAVA;Select Java in memory;231000;10;74,210690;
JAVA;Select Java in memory;232000;10;77,754479;
JAVA;Select Java in memory;233000;10;78,840631;
JAVA;Select Java in memory;234000;10;77,561824;
JAVA;Select Java in memory;235000;10;76,322270;
JAVA;Select Java in memory;236000;10;75,326239;
JAVA;Select Java in memory;237000;10;76,845477;
JAVA;Select Java in memory;238000;10;79,665905;
JAVA;Select Java in memory;239000;10;77,352450;
JAVA;Select Java in memory;240000;10;74,106741;
JAVA;Select Java in memory;241000;10;79,254424;
JAVA;Select Java in memory;242000;10;80,600475;
JAVA;Select Java in memory;243000;10;77,397420;
JAVA;Select Java in memory;244000;10;79,282907;
JAVA;Select Java in memory;245000;10;80,461987;
JAVA;Select Java in memory;246000;10;77,060689;
JAVA;Select Java in memory;247000;10;83,237576;
JAVA;Select Java in memory;248000;10;79,217763;
JAVA;Select Java in memory;249000;10;83,007097;
JAVA;Select Java in memory;250000;10;80,078559;

JAVA;Select Java in memory;100;100;0,508946;
JAVA;Select Java in memory;1000;100;1,155012;
JAVA;Select Java in memory;2000;100;2,106440;
JAVA;Select Java in memory;3000;100;2,385059;
JAVA;Select Java in memory;4000;100;2,581492;
JAVA;Select Java in memory;5000;100;3,062927;
JAVA;Select Java in memory;6000;100;4,964500;
JAVA;Select Java in memory;7000;100;5,137281;
JAVA;Select Java in memory;8000;100;8,212321;
JAVA;Select Java in memory;9000;100;7,662036;
JAVA;Select Java in memory;10000;100;8,290272;
JAVA;Select Java in memory;11000;100;6,242373;
JAVA;Select Java in memory;12000;100;6,803554;
JAVA;Select Java in memory;13000;100;7,301417;
JAVA;Select Java in memory;14000;100;6,073642;
JAVA;Select Java in memory;15000;100;7,628067;
JAVA;Select Java in memory;16000;100;6,932723;
JAVA;Select Java in memory;17000;100;7,921957;
JAVA;Select Java in memory;18000;100;9,155373;
JAVA;Select Java in memory;19000;100;9,539509;
JAVA;Select Java in memory;20000;100;11,042556;
JAVA;Select Java in memory;21000;100;11,364543;
JAVA;Select Java in memory;22000;100;10,160651;
JAVA;Select Java in memory;23000;100;16,137954;
JAVA;Select Java in memory;24000;100;11,473216;
JAVA;Select Java in memory;25000;100;12,649026;
JAVA;Select Java in memory;26000;100;14,809822;
JAVA;Select Java in memory;27000;100;18,644946;
JAVA;Select Java in memory;28000;100;13,904638;
JAVA;Select Java in memory;29000;100;15,842036;
JAVA;Select Java in memory;30000;100;15,234885;
JAVA;Select Java in memory;31000;100;15,664500;
JAVA;Select Java in memory;32000;100;11,077334;
JAVA;Select Java in memory;33000;100;18,585293;
JAVA;Select Java in memory;34000;100;19,931966;
JAVA;Select Java in memory;35000;100;17,313798;
JAVA;Select Java in memory;36000;100;13,215102;
JAVA;Select Java in memory;37000;100;17,133607;
JAVA;Select Java in memory;38000;100;17,421490;
JAVA;Select Java in memory;39000;100;15,606528;
JAVA;Select Java in memory;40000;100;17,713051;
JAVA;Select Java in memory;41000;100;20,441205;
JAVA;Select Java in memory;42000;100;19,048411;
JAVA;Select Java in memory;43000;100;18,388154;
JAVA;Select Java in memory;44000;100;19,823670;
JAVA;Select Java in memory;45000;100;21,443266;
JAVA;Select Java in memory;46000;100;21,645027;
JAVA;Select Java in memory;47000;100;24,949985;
JAVA;Select Java in memory;48000;100;22,071891;
JAVA;Select Java in memory;49000;100;23,819018;
JAVA;Select Java in memory;50000;100;21,641352;
JAVA;Select Java in memory;51000;100;20,985747;
JAVA;Select Java in memory;52000;100;25,214372;
JAVA;Select Java in memory;53000;100;23,108675;
JAVA;Select Java in memory;54000;100;26,079341;
JAVA;Select Java in memory;55000;100;24,742162;
JAVA;Select Java in memory;56000;100;23,816225;
JAVA;Select Java in memory;57000;100;22,812463;
JAVA;Select Java in memory;58000;100;26,212072;
JAVA;Select Java in memory;59000;100;26,407309;
JAVA;Select Java in memory;60000;100;25,652199;
JAVA;Select Java in memory;61000;100;24,401218;
JAVA;Select Java in memory;62000;100;28,172788;
JAVA;Select Java in memory;63000;100;27,243546;
JAVA;Select Java in memory;64000;100;27,617655;
JAVA;Select Java in memory;65000;100;26,089334;
JAVA;Select Java in memory;66000;100;31,171871;
JAVA;Select Java in memory;67000;100;31,573826;
JAVA;Select Java in memory;68000;100;26,082435;
JAVA;Select Java in memory;69000;100;27,413002;
JAVA;Select Java in memory;70000;100;26,330837;
JAVA;Select Java in memory;71000;100;28,184095;
JAVA;Select Java in memory;72000;100;28,360603;
JAVA;Select Java in memory;73000;100;30,127013;
JAVA;Select Java in memory;74000;100;29,642983;
JAVA;Select Java in memory;75000;100;29,602811;
JAVA;Select Java in memory;76000;100;31,867901;
JAVA;Select Java in memory;77000;100;35,242867;
JAVA;Select Java in memory;78000;100;30,075665;
JAVA;Select Java in memory;79000;100;29,776969;
JAVA;Select Java in memory;80000;100;34,386730;
JAVA;Select Java in memory;81000;100;28,295036;
JAVA;Select Java in memory;82000;100;31,381774;
JAVA;Select Java in memory;83000;100;32,409993;
JAVA;Select Java in memory;84000;100;32,182137;
JAVA;Select Java in memory;85000;100;33,704046;
JAVA;Select Java in memory;86000;100;35,524756;
JAVA;Select Java in memory;87000;100;33,488201;
JAVA;Select Java in memory;88000;100;33,023832;
JAVA;Select Java in memory;89000;100;35,398113;
JAVA;Select Java in memory;90000;100;30,258250;
JAVA;Select Java in memory;91000;100;33,915309;
JAVA;Select Java in memory;92000;100;35,747364;
JAVA;Select Java in memory;93000;100;37,951099;
JAVA;Select Java in memory;94000;100;35,083749;
JAVA;Select Java in memory;95000;100;37,421790;
JAVA;Select Java in memory;96000;100;37,098806;
JAVA;Select Java in memory;97000;100;37,128060;
JAVA;Select Java in memory;98000;100;32,621608;
JAVA;Select Java in memory;99000;100;39,601725;
JAVA;Select Java in memory;100000;100;35,354471;
JAVA;Select Java in memory;101000;100;36,941993;
JAVA;Select Java in memory;102000;100;35,610174;
JAVA;Select Java in memory;103000;100;37,001187;
JAVA;Select Java in memory;104000;100;41,472651;
JAVA;Select Java in memory;105000;100;36,224724;
JAVA;Select Java in memory;106000;100;39,516872;
JAVA;Select Java in memory;107000;100;41,059947;
JAVA;Select Java in memory;108000;100;37,676872;
JAVA;Select Java in memory;109000;100;40,655261;
JAVA;Select Java in memory;110000;100;40,306035;
JAVA;Select Java in memory;111000;100;38,218218;
JAVA;Select Java in memory;112000;100;41,024726;
JAVA;Select Java in memory;113000;100;40,522064;
JAVA;Select Java in memory;114000;100;38,208328;
JAVA;Select Java in memory;115000;100;38,860491;
JAVA;Select Java in memory;116000;100;40,949817;
JAVA;Select Java in memory;117000;100;40,517850;
JAVA;Select Java in memory;118000;100;44,274846;
JAVA;Select Java in memory;119000;100;47,510582;
JAVA;Select Java in memory;120000;100;41,504963;
JAVA;Select Java in memory;121000;100;43,686210;
JAVA;Select Java in memory;122000;100;44,509303;
JAVA;Select Java in memory;123000;100;44,769503;
JAVA;Select Java in memory;124000;100;45,307368;
JAVA;Select Java in memory;125000;100;43,235934;
JAVA;Select Java in memory;126000;100;42,659299;
JAVA;Select Java in memory;127000;100;43,974967;
JAVA;Select Java in memory;128000;100;46,395090;
JAVA;Select Java in memory;129000;100;41,609487;
JAVA;Select Java in memory;130000;100;44,851098;
JAVA;Select Java in memory;131000;100;43,544094;
JAVA;Select Java in memory;132000;100;48,173963;
JAVA;Select Java in memory;133000;100;45,632130;
JAVA;Select Java in memory;134000;100;44,968680;
JAVA;Select Java in memory;135000;100;44,446762;
JAVA;Select Java in memory;136000;100;45,295797;
JAVA;Select Java in memory;137000;100;50,523397;
JAVA;Select Java in memory;138000;100;46,698250;
JAVA;Select Java in memory;139000;100;49,632416;
JAVA;Select Java in memory;140000;100;46,332179;
JAVA;Select Java in memory;141000;100;50,356526;
JAVA;Select Java in memory;142000;100;49,617614;
JAVA;Select Java in memory;143000;100;48,030386;
JAVA;Select Java in memory;144000;100;45,575971;
JAVA;Select Java in memory;145000;100;48,682986;
JAVA;Select Java in memory;146000;100;48,219104;
JAVA;Select Java in memory;147000;100;49,923881;
JAVA;Select Java in memory;148000;100;55,216106;
JAVA;Select Java in memory;149000;100;49,310322;
JAVA;Select Java in memory;150000;100;51,015752;
JAVA;Select Java in memory;151000;100;52,859851;
JAVA;Select Java in memory;152000;100;55,374127;
JAVA;Select Java in memory;153000;100;54,742148;
JAVA;Select Java in memory;154000;100;50,115116;
JAVA;Select Java in memory;155000;100;47,301466;
JAVA;Select Java in memory;156000;100;52,132465;
JAVA;Select Java in memory;157000;100;53,673538;
JAVA;Select Java in memory;158000;100;50,694327;
JAVA;Select Java in memory;159000;100;54,458108;
JAVA;Select Java in memory;160000;100;54,924388;
JAVA;Select Java in memory;161000;100;50,863644;
JAVA;Select Java in memory;162000;100;52,517996;
JAVA;Select Java in memory;163000;100;53,901792;
JAVA;Select Java in memory;164000;100;56,336891;
JAVA;Select Java in memory;165000;100;54,242763;
JAVA;Select Java in memory;166000;100;52,178046;
JAVA;Select Java in memory;167000;100;58,590196;
JAVA;Select Java in memory;168000;100;56,347655;
JAVA;Select Java in memory;169000;100;54,535687;
JAVA;Select Java in memory;170000;100;57,072034;
JAVA;Select Java in memory;171000;100;53,606441;
JAVA;Select Java in memory;172000;100;55,581833;
JAVA;Select Java in memory;173000;100;54,737752;
JAVA;Select Java in memory;174000;100;57,660501;
JAVA;Select Java in memory;175000;100;49,715194;
JAVA;Select Java in memory;176000;100;57,333244;
JAVA;Select Java in memory;177000;100;58,198505;
JAVA;Select Java in memory;178000;100;62,139327;
JAVA;Select Java in memory;179000;100;58,452506;
JAVA;Select Java in memory;180000;100;57,456503;
JAVA;Select Java in memory;181000;100;61,502275;
JAVA;Select Java in memory;182000;100;59,019543;
JAVA;Select Java in memory;183000;100;59,982011;
JAVA;Select Java in memory;184000;100;59,952138;
JAVA;Select Java in memory;185000;100;62,269091;
JAVA;Select Java in memory;186000;100;59,814116;
JAVA;Select Java in memory;187000;100;61,366537;
JAVA;Select Java in memory;188000;100;59,310630;
JAVA;Select Java in memory;189000;100;61,319744;
JAVA;Select Java in memory;190000;100;57,908081;
JAVA;Select Java in memory;191000;100;62,893509;
JAVA;Select Java in memory;192000;100;60,754471;
JAVA;Select Java in memory;193000;100;64,220497;
JAVA;Select Java in memory;194000;100;65,658192;
JAVA;Select Java in memory;195000;100;61,104582;
JAVA;Select Java in memory;196000;100;64,194786;
JAVA;Select Java in memory;197000;100;64,383236;
JAVA;Select Java in memory;198000;100;66,607307;
JAVA;Select Java in memory;199000;100;68,025249;
JAVA;Select Java in memory;200000;100;66,050432;
JAVA;Select Java in memory;201000;100;64,181164;
JAVA;Select Java in memory;202000;100;67,038237;
JAVA;Select Java in memory;203000;100;65,861303;
JAVA;Select Java in memory;204000;100;72,101248;
JAVA;Select Java in memory;205000;100;66,768981;
JAVA;Select Java in memory;206000;100;68,807555;
JAVA;Select Java in memory;207000;100;65,999710;
JAVA;Select Java in memory;208000;100;69,361280;
JAVA;Select Java in memory;209000;100;66,694480;
JAVA;Select Java in memory;210000;100;68,217235;
JAVA;Select Java in memory;211000;100;71,932916;
JAVA;Select Java in memory;212000;100;71,117711;
JAVA;Select Java in memory;213000;100;67,292117;
JAVA;Select Java in memory;214000;100;71,238475;
JAVA;Select Java in memory;215000;100;71,016954;
JAVA;Select Java in memory;216000;100;74,175260;
JAVA;Select Java in memory;217000;100;73,114170;
JAVA;Select Java in memory;218000;100;77,828483;
JAVA;Select Java in memory;219000;100;72,021741;
JAVA;Select Java in memory;220000;100;71,195589;
JAVA;Select Java in memory;221000;100;72,511258;
JAVA;Select Java in memory;222000;100;75,946492;
JAVA;Select Java in memory;223000;100;76,138353;
JAVA;Select Java in memory;224000;100;72,834101;
JAVA;Select Java in memory;225000;100;74,122460;
JAVA;Select Java in memory;226000;100;70,353294;
JAVA;Select Java in memory;227000;100;72,895000;
JAVA;Select Java in memory;228000;100;74,318651;
JAVA;Select Java in memory;229000;100;78,382410;
JAVA;Select Java in memory;230000;100;77,360878;
JAVA;Select Java in memory;231000;100;73,453201;
JAVA;Select Java in memory;232000;100;75,769849;
JAVA;Select Java in memory;233000;100;78,597658;
JAVA;Select Java in memory;234000;100;77,307300;
JAVA;Select Java in memory;235000;100;77,171217;
JAVA;Select Java in memory;236000;100;76,161521;
JAVA;Select Java in memory;237000;100;78,004358;
JAVA;Select Java in memory;238000;100;72,524177;
JAVA;Select Java in memory;239000;100;77,954985;
JAVA;Select Java in memory;240000;100;78,082599;
JAVA;Select Java in memory;241000;100;78,513493;
JAVA;Select Java in memory;242000;100;78,489110;
JAVA;Select Java in memory;243000;100;77,890984;
JAVA;Select Java in memory;244000;100;79,809786;
JAVA;Select Java in memory;245000;100;79,205471;
JAVA;Select Java in memory;246000;100;79,142404;
JAVA;Select Java in memory;247000;100;79,226518;
JAVA;Select Java in memory;248000;100;77,475084;
JAVA;Select Java in memory;249000;100;85,358868;
JAVA;Select Java in memory;250000;100;79,033686;

JAVA;Select Java in memory;100;1000;1,194469;
JAVA;Select Java in memory;1000;1000;1,467791;
JAVA;Select Java in memory;2000;1000;2,021727;
JAVA;Select Java in memory;3000;1000;2,972886;
JAVA;Select Java in memory;4000;1000;3,270122;
JAVA;Select Java in memory;5000;1000;3,163189;
JAVA;Select Java in memory;6000;1000;5,339897;
JAVA;Select Java in memory;7000;1000;4,982557;
JAVA;Select Java in memory;8000;1000;7,269990;
JAVA;Select Java in memory;9000;1000;6,960655;
JAVA;Select Java in memory;10000;1000;6,656983;
JAVA;Select Java in memory;11000;1000;6,959057;
JAVA;Select Java in memory;12000;1000;7,475682;
JAVA;Select Java in memory;13000;1000;6,889975;
JAVA;Select Java in memory;14000;1000;5,988733;
JAVA;Select Java in memory;15000;1000;8,433597;
JAVA;Select Java in memory;16000;1000;8,726903;
JAVA;Select Java in memory;17000;1000;8,493400;
JAVA;Select Java in memory;18000;1000;7,593352;
JAVA;Select Java in memory;19000;1000;10,018443;
JAVA;Select Java in memory;20000;1000;10,374767;
JAVA;Select Java in memory;21000;1000;11,862548;
JAVA;Select Java in memory;22000;1000;9,038772;
JAVA;Select Java in memory;23000;1000;9,444352;
JAVA;Select Java in memory;24000;1000;16,553842;
JAVA;Select Java in memory;25000;1000;11,052678;
JAVA;Select Java in memory;26000;1000;12,731745;
JAVA;Select Java in memory;27000;1000;14,926955;
JAVA;Select Java in memory;28000;1000;11,725019;
JAVA;Select Java in memory;29000;1000;18,673052;
JAVA;Select Java in memory;30000;1000;14,080180;
JAVA;Select Java in memory;31000;1000;17,510806;
JAVA;Select Java in memory;32000;1000;15,959983;
JAVA;Select Java in memory;33000;1000;17,915370;
JAVA;Select Java in memory;34000;1000;16,133060;
JAVA;Select Java in memory;35000;1000;20,338414;
JAVA;Select Java in memory;36000;1000;14,314955;
JAVA;Select Java in memory;37000;1000;17,718696;
JAVA;Select Java in memory;38000;1000;15,853681;
JAVA;Select Java in memory;39000;1000;18,584419;
JAVA;Select Java in memory;40000;1000;17,952051;
JAVA;Select Java in memory;41000;1000;21,099821;
JAVA;Select Java in memory;42000;1000;18,637898;
JAVA;Select Java in memory;43000;1000;19,984935;
JAVA;Select Java in memory;44000;1000;21,368331;
JAVA;Select Java in memory;45000;1000;25,601501;
JAVA;Select Java in memory;46000;1000;19,545319;
JAVA;Select Java in memory;47000;1000;24,698440;
JAVA;Select Java in memory;48000;1000;21,511515;
JAVA;Select Java in memory;49000;1000;24,758951;
JAVA;Select Java in memory;50000;1000;24,123972;
JAVA;Select Java in memory;51000;1000;24,931821;
JAVA;Select Java in memory;52000;1000;21,158609;
JAVA;Select Java in memory;53000;1000;23,481415;
JAVA;Select Java in memory;54000;1000;25,468511;
JAVA;Select Java in memory;55000;1000;21,803725;
JAVA;Select Java in memory;56000;1000;27,127058;
JAVA;Select Java in memory;57000;1000;24,248399;
JAVA;Select Java in memory;58000;1000;25,317939;
JAVA;Select Java in memory;59000;1000;28,305986;
JAVA;Select Java in memory;60000;1000;26,244708;
JAVA;Select Java in memory;61000;1000;26,841800;
JAVA;Select Java in memory;62000;1000;29,096941;
JAVA;Select Java in memory;63000;1000;23,350151;
JAVA;Select Java in memory;64000;1000;28,325601;
JAVA;Select Java in memory;65000;1000;24,868615;
JAVA;Select Java in memory;66000;1000;29,709306;
JAVA;Select Java in memory;67000;1000;27,306362;
JAVA;Select Java in memory;68000;1000;26,711728;
JAVA;Select Java in memory;69000;1000;28,210525;
JAVA;Select Java in memory;70000;1000;29,830394;
JAVA;Select Java in memory;71000;1000;27,476225;
JAVA;Select Java in memory;72000;1000;27,882276;
JAVA;Select Java in memory;73000;1000;30,319724;
JAVA;Select Java in memory;74000;1000;28,756830;
JAVA;Select Java in memory;75000;1000;28,755330;
JAVA;Select Java in memory;76000;1000;31,818273;
JAVA;Select Java in memory;77000;1000;32,030219;
JAVA;Select Java in memory;78000;1000;32,330648;
JAVA;Select Java in memory;79000;1000;29,648788;
JAVA;Select Java in memory;80000;1000;33,162905;
JAVA;Select Java in memory;81000;1000;35,211098;
JAVA;Select Java in memory;82000;1000;34,340825;
JAVA;Select Java in memory;83000;1000;32,403471;
JAVA;Select Java in memory;84000;1000;31,695000;
JAVA;Select Java in memory;85000;1000;33,498874;
JAVA;Select Java in memory;86000;1000;35,443588;
JAVA;Select Java in memory;87000;1000;35,446197;
JAVA;Select Java in memory;88000;1000;32,922244;
JAVA;Select Java in memory;89000;1000;35,914712;
JAVA;Select Java in memory;90000;1000;38,700820;
JAVA;Select Java in memory;91000;1000;36,292056;
JAVA;Select Java in memory;92000;1000;32,882541;
JAVA;Select Java in memory;93000;1000;35,345309;
JAVA;Select Java in memory;94000;1000;37,476771;
JAVA;Select Java in memory;95000;1000;38,832451;
JAVA;Select Java in memory;96000;1000;34,412232;
JAVA;Select Java in memory;97000;1000;37,128165;
JAVA;Select Java in memory;98000;1000;34,798547;
JAVA;Select Java in memory;99000;1000;37,996605;
JAVA;Select Java in memory;100000;1000;38,650572;
JAVA;Select Java in memory;101000;1000;36,738173;
JAVA;Select Java in memory;102000;1000;37,124691;
JAVA;Select Java in memory;103000;1000;42,447634;
JAVA;Select Java in memory;104000;1000;37,685261;
JAVA;Select Java in memory;105000;1000;37,580933;
JAVA;Select Java in memory;106000;1000;41,567159;
JAVA;Select Java in memory;107000;1000;39,705424;
JAVA;Select Java in memory;108000;1000;37,387217;
JAVA;Select Java in memory;109000;1000;43,020456;
JAVA;Select Java in memory;110000;1000;37,189944;
JAVA;Select Java in memory;111000;1000;40,489793;
JAVA;Select Java in memory;112000;1000;37,522935;
JAVA;Select Java in memory;113000;1000;39,020789;
JAVA;Select Java in memory;114000;1000;39,120456;
JAVA;Select Java in memory;115000;1000;40,055847;
JAVA;Select Java in memory;116000;1000;41,139270;
JAVA;Select Java in memory;117000;1000;41,870705;
JAVA;Select Java in memory;118000;1000;38,136616;
JAVA;Select Java in memory;119000;1000;39,744996;
JAVA;Select Java in memory;120000;1000;40,294447;
JAVA;Select Java in memory;121000;1000;39,108959;
JAVA;Select Java in memory;122000;1000;44,848588;
JAVA;Select Java in memory;123000;1000;46,935673;
JAVA;Select Java in memory;124000;1000;43,834835;
JAVA;Select Java in memory;125000;1000;44,455207;
JAVA;Select Java in memory;126000;1000;46,292498;
JAVA;Select Java in memory;127000;1000;46,369412;
JAVA;Select Java in memory;128000;1000;46,727377;
JAVA;Select Java in memory;129000;1000;46,674898;
JAVA;Select Java in memory;130000;1000;44,873974;
JAVA;Select Java in memory;131000;1000;43,820142;
JAVA;Select Java in memory;132000;1000;44,976912;
JAVA;Select Java in memory;133000;1000;44,896127;
JAVA;Select Java in memory;134000;1000;48,388906;
JAVA;Select Java in memory;135000;1000;50,270574;
JAVA;Select Java in memory;136000;1000;47,652545;
JAVA;Select Java in memory;137000;1000;45,277063;
JAVA;Select Java in memory;138000;1000;48,839214;
JAVA;Select Java in memory;139000;1000;47,161549;
JAVA;Select Java in memory;140000;1000;49,974761;
JAVA;Select Java in memory;141000;1000;49,982829;
JAVA;Select Java in memory;142000;1000;46,003482;
JAVA;Select Java in memory;143000;1000;49,586108;
JAVA;Select Java in memory;144000;1000;48,974230;
JAVA;Select Java in memory;145000;1000;49,551889;
JAVA;Select Java in memory;146000;1000;51,549180;
JAVA;Select Java in memory;147000;1000;51,020460;
JAVA;Select Java in memory;148000;1000;51,555372;
JAVA;Select Java in memory;149000;1000;51,722990;
JAVA;Select Java in memory;150000;1000;50,162102;
JAVA;Select Java in memory;151000;1000;50,438385;
JAVA;Select Java in memory;152000;1000;48,016155;
JAVA;Select Java in memory;153000;1000;47,096654;
JAVA;Select Java in memory;154000;1000;51,470167;
JAVA;Select Java in memory;155000;1000;47,874959;
JAVA;Select Java in memory;156000;1000;52,979521;
JAVA;Select Java in memory;157000;1000;52,653791;
JAVA;Select Java in memory;158000;1000;52,607463;
JAVA;Select Java in memory;159000;1000;50,208188;
JAVA;Select Java in memory;160000;1000;52,253661;
JAVA;Select Java in memory;161000;1000;52,582632;
JAVA;Select Java in memory;162000;1000;48,715179;
JAVA;Select Java in memory;163000;1000;54,624875;
JAVA;Select Java in memory;164000;1000;53,728226;
JAVA;Select Java in memory;165000;1000;56,713028;
JAVA;Select Java in memory;166000;1000;50,997191;
JAVA;Select Java in memory;167000;1000;52,204887;
JAVA;Select Java in memory;168000;1000;52,788049;
JAVA;Select Java in memory;169000;1000;55,670526;
JAVA;Select Java in memory;170000;1000;58,016996;
JAVA;Select Java in memory;171000;1000;59,349401;
JAVA;Select Java in memory;172000;1000;53,081268;
JAVA;Select Java in memory;173000;1000;55,348068;
JAVA;Select Java in memory;174000;1000;61,720919;
JAVA;Select Java in memory;175000;1000;54,844794;
JAVA;Select Java in memory;176000;1000;54,848191;
JAVA;Select Java in memory;177000;1000;54,671656;
JAVA;Select Java in memory;178000;1000;57,635400;
JAVA;Select Java in memory;179000;1000;60,664751;
JAVA;Select Java in memory;180000;1000;61,904021;
JAVA;Select Java in memory;181000;1000;63,082496;
JAVA;Select Java in memory;182000;1000;58,805149;
JAVA;Select Java in memory;183000;1000;58,266366;
JAVA;Select Java in memory;184000;1000;65,305341;
JAVA;Select Java in memory;185000;1000;57,920484;
JAVA;Select Java in memory;186000;1000;62,679738;
JAVA;Select Java in memory;187000;1000;62,053598;
JAVA;Select Java in memory;188000;1000;63,366219;
JAVA;Select Java in memory;189000;1000;58,681403;
JAVA;Select Java in memory;190000;1000;62,016259;
JAVA;Select Java in memory;191000;1000;61,527307;
JAVA;Select Java in memory;192000;1000;59,781663;
JAVA;Select Java in memory;193000;1000;64,242631;
JAVA;Select Java in memory;194000;1000;66,593037;
JAVA;Select Java in memory;195000;1000;64,785970;
JAVA;Select Java in memory;196000;1000;64,347341;
JAVA;Select Java in memory;197000;1000;66,402563;
JAVA;Select Java in memory;198000;1000;64,937116;
JAVA;Select Java in memory;199000;1000;65,839989;
JAVA;Select Java in memory;200000;1000;65,687707;
JAVA;Select Java in memory;201000;1000;63,163651;
JAVA;Select Java in memory;202000;1000;65,814151;
JAVA;Select Java in memory;203000;1000;70,799392;
JAVA;Select Java in memory;204000;1000;70,133551;
JAVA;Select Java in memory;205000;1000;69,580435;
JAVA;Select Java in memory;206000;1000;63,588088;
JAVA;Select Java in memory;207000;1000;68,597672;
JAVA;Select Java in memory;208000;1000;66,417165;
JAVA;Select Java in memory;209000;1000;65,139050;
JAVA;Select Java in memory;210000;1000;68,513164;
JAVA;Select Java in memory;211000;1000;68,086654;
JAVA;Select Java in memory;212000;1000;72,187163;
JAVA;Select Java in memory;213000;1000;68,534545;
JAVA;Select Java in memory;214000;1000;68,110163;
JAVA;Select Java in memory;215000;1000;69,878642;
JAVA;Select Java in memory;216000;1000;68,426217;
JAVA;Select Java in memory;217000;1000;69,621072;
JAVA;Select Java in memory;218000;1000;71,886095;
JAVA;Select Java in memory;219000;1000;69,759932;
JAVA;Select Java in memory;220000;1000;70,424986;
JAVA;Select Java in memory;221000;1000;70,240204;
JAVA;Select Java in memory;222000;1000;71,257237;
JAVA;Select Java in memory;223000;1000;75,303962;
JAVA;Select Java in memory;224000;1000;72,626948;
JAVA;Select Java in memory;225000;1000;71,759380;
JAVA;Select Java in memory;226000;1000;73,464116;
JAVA;Select Java in memory;227000;1000;76,839439;
JAVA;Select Java in memory;228000;1000;76,301636;
JAVA;Select Java in memory;229000;1000;74,883272;
JAVA;Select Java in memory;230000;1000;72,000017;
JAVA;Select Java in memory;231000;1000;77,605650;
JAVA;Select Java in memory;232000;1000;76,319506;
JAVA;Select Java in memory;233000;1000;74,658626;
JAVA;Select Java in memory;234000;1000;75,849125;
JAVA;Select Java in memory;235000;1000;72,776715;
JAVA;Select Java in memory;236000;1000;78,578761;
JAVA;Select Java in memory;237000;1000;79,693155;
JAVA;Select Java in memory;238000;1000;74,005792;
JAVA;Select Java in memory;239000;1000;77,640168;
JAVA;Select Java in memory;240000;1000;78,712293;
JAVA;Select Java in memory;241000;1000;80,356294;
JAVA;Select Java in memory;242000;1000;76,879219;
JAVA;Select Java in memory;243000;1000;74,687429;
JAVA;Select Java in memory;244000;1000;77,672975;
JAVA;Select Java in memory;245000;1000;81,415077;
JAVA;Select Java in memory;246000;1000;80,447933;
JAVA;Select Java in memory;247000;1000;79,010550;
JAVA;Select Java in memory;248000;1000;80,872740;
JAVA;Select Java in memory;249000;1000;81,281851;
JAVA;Select Java in memory;250000;1000;83,916383;